Time,header.seq,header.stamp.secs,header.stamp.nsecs,header.frame_id,UTC_Time,Latitude,UTM_northing,Longtitude,UTM_easting,Altitude,Zone,Letter
1695743155.404893,1,56756,0,GPS_frame,,42.33771333333334,4689398.895687126,-71.09503166666667,327411.2553480487,22.7,19,T
1695743156.3966095,2,56757,0,GPS_frame,,42.33771333333334,4689398.895687126,-71.09503166666667,327411.2553480487,22.6,19,T
1695743157.39834,3,56758,0,GPS_frame,,42.33771166666667,4689398.71399931,-71.09503333333333,327411.1134825278,22.4,19,T
1695743158.404537,4,56759,0,GPS_frame,,42.33771,4689398.528928597,-71.09503333333333,327411.10892281105,22.3,19,T
1695743159.4044483,5,56760,0,GPS_frame,,42.33771,4689398.532311497,-71.09503500000001,327410.9716169955,22.2,19,T
1695743160.4216864,6,56761,0,GPS_frame,,42.33770833333333,4689398.340474985,-71.09503166666667,327411.24166890956,22.3,19,T
1695743161.4075813,7,56762,0,GPS_frame,,42.337716666666665,4689399.255679873,-71.09502666666667,327411.67638487637,21.3,19,T
1695743162.4027424,8,56763,0,GPS_frame,,42.33772166666666,4689399.807509126,-71.095025,327411.82736977306,21.3,19,T
1695743163.4052684,9,56764,0,GPS_frame,,42.337725,4689400.170884787,-71.09502166666667,327412.1111007378,21.3,19,T
1695743164.405501,10,56765,0,GPS_frame,,42.33772999999999,4689400.715948298,-71.09501666666667,327412.5366971274,21.1,19,T
1695743165.4053218,11,56766,0,GPS_frame,,42.33773666666666,4689401.439316821,-71.09500833333333,327413.24146463687,18.8,19,T
1695743166.4071486,12,56767,0,GPS_frame,,42.337735,4689401.247480396,-71.095005,327413.5115164922,18.1,19,T
1695743167.4454377,13,56768,0,GPS_frame,,42.33773333333333,4689401.038729771,-71.09499333333333,327414.4680971758,16.7,19,T
1695743168.406912,14,56769,0,GPS_frame,,42.33773166666666,4689400.819830842,-71.09497666666667,327415.8365952134,16.9,19,T
1695743169.4453795,15,56770,0,GPS_frame,,42.33773166666666,4689400.792768464,-71.09496333333333,327416.93504134554,17.1,19,T
1695743170.4469175,16,56771,0,GPS_frame,,42.33773333333333,4689400.950776972,-71.09495,327418.0380470139,17.6,19,T
1695743171.443574,17,56772,0,GPS_frame,,42.33773666666666,4689401.293856364,-71.09493666666667,327419.1456121316,17.7,19,T
1695743172.4505823,18,56773,0,GPS_frame,,42.33774166666667,4689401.828772093,-71.09492666666667,327419.9831251254,17.6,19,T
1695743173.4077635,19,56774,0,GPS_frame,,42.33774666666667,4689402.3670706265,-71.09491833333333,327420.6833322546,17.4,19,T
1695743174.4473102,20,56775,0,GPS_frame,,42.33775000000001,4689402.710150429,-71.094905,327421.7908970022,17.6,19,T
1695743175.4089575,21,56776,0,GPS_frame,,42.33775666666667,4689403.4199891575,-71.09489,327423.0448861678,18.1,19,T
1695743176.447725,22,56777,0,GPS_frame,,42.337761666666665,4689403.948140037,-71.09487666666668,327424.1570099994,18.4,19,T
1695743177.4095738,23,56778,0,GPS_frame,,42.337765000000005,4689404.291220375,-71.09486333333332,327425.264574306,18.6,19,T
1695743178.410576,24,56779,0,GPS_frame,,42.33777166666667,4689405.004442312,-71.09485,327426.3812571369,18.8,19,T
1695743179.4436052,25,56780,0,GPS_frame,,42.33777499999999,4689405.347522994,-71.09483666666667,327427.48882115295,19.0,19,T
1695743180.4484394,26,56781,0,GPS_frame,,42.33778,4689405.875674561,-71.09482333333334,327428.6009443136,19.3,19,T
1695743181.4077973,27,56782,0,GPS_frame,,42.337785000000004,4689406.4038263,-71.09481000000001,327429.7130673046,19.4,19,T
1695743182.4475644,28,56783,0,GPS_frame,,42.33779,4689406.93197821,-71.09479666666667,327430.82519012166,19.5,19,T
1695743183.4469855,29,56784,0,GPS_frame,,42.33779500000001,4689407.456747798,-71.09478166666666,327432.0746183891,19.5,19,T
1695743184.448486,30,56785,0,GPS_frame,,42.33779833333333,4689407.799829362,-71.09476833333333,327433.1821817003,19.6,19,T
1695743185.4079373,31,56786,0,GPS_frame,,42.33780333333334,4689408.327981811,-71.094755,327434.2943040093,19.6,19,T
1695743186.4079638,32,56787,0,GPS_frame,,42.337808333333335,4689408.8561344305,-71.09474166666668,327435.4064261486,19.7,19,T
1695743187.408944,33,56788,0,GPS_frame,,42.33781166666666,4689409.202598918,-71.09473,327436.3766834613,19.6,19,T
1695743188.409225,34,56789,0,GPS_frame,,42.33781666666667,4689409.730751861,-71.09471666666667,327437.4888052905,19.6,19,T
1695743189.4097116,35,56790,0,GPS_frame,,42.33782166666666,4689410.262287344,-71.094705,327438.4636213761,19.5,19,T
1695743190.4201498,36,56791,0,GPS_frame,,42.33782666666666,4689410.800587665,-71.09469666666668,327439.163826199,19.3,19,T
1695743191.4115088,37,56792,0,GPS_frame,,42.33783333333334,4689411.520576429,-71.09468666666666,327440.00589542964,19.2,19,T
1695743192.4087284,38,56793,0,GPS_frame,,42.33784000000001,4689412.240565285,-71.09467666666666,327440.84796448983,19.1,19,T
1695743193.4086328,39,56794,0,GPS_frame,,42.33784833333334,4689413.162536528,-71.09467500000001,327441.0080647557,18.8,19,T
1695743194.4105039,40,56795,0,GPS_frame,,42.337855000000005,4689413.896054742,-71.09467166666667,327441.3009115405,18.6,19,T
1695743195.4102104,41,56796,0,GPS_frame,,42.33786166666667,4689414.619426047,-71.09466333333333,327442.00567471154,18.7,19,T
1695743196.4098291,42,56797,0,GPS_frame,,42.33786333333334,4689414.787585279,-71.094655,327442.69676102116,18.6,19,T
1695743197.4100935,43,56798,0,GPS_frame,,42.33786666666666,4689415.140815292,-71.09464666666666,327443.39240618225,18.5,19,T
1695743198.411836,44,56799,0,GPS_frame,,42.33787,4689415.497427636,-71.09464,327443.95074580936,18.3,19,T
1695743199.4103637,45,56800,0,GPS_frame,,42.33787333333333,4689415.857422277,-71.094635,327444.3717799222,18.1,19,T
1695743200.4006348,46,56801,0,GPS_frame,,42.33787666666667,4689416.214034698,-71.09462833333333,327444.9301194411,17.7,19,T
1695743201.4077618,47,56802,0,GPS_frame,,42.33788,4689416.567264925,-71.09462,327445.62576433993,17.4,19,T
1695743202.4109793,48,56803,0,GPS_frame,,42.33788166666667,4689416.7354245065,-71.09461166666667,327446.31685035734,17.1,19,T
1695743203.410152,49,56804,0,GPS_frame,,42.33788666666666,4689417.273725581,-71.09460333333332,327447.0170539266,16.8,19,T
1695743204.409718,50,56805,0,GPS_frame,,42.33789,4689417.62695601,-71.094595,327447.71269861027,16.6,19,T
1695743205.4097934,51,56806,0,GPS_frame,,42.33789333333334,4689417.980186507,-71.09458666666666,327448.40834322164,16.4,19,T
1695743206.4104407,52,56807,0,GPS_frame,,42.337894999999996,4689418.151728524,-71.09458,327448.9621236102,16.2,19,T
1695743207.4101114,53,56808,0,GPS_frame,,42.337900000000005,4689418.690029854,-71.09457166666667,327449.6623268315,16.0,19,T
1695743208.4126985,54,56809,0,GPS_frame,,42.337898333333335,4689418.488048399,-71.09456333333333,327450.34429510264,15.7,19,T
1695743209.4093826,55,56810,0,GPS_frame,,42.337898333333335,4689418.471137724,-71.094555,327451.0308221051,15.5,19,T
1695743210.4103823,56,56811,0,GPS_frame,,42.337900000000005,4689418.639297828,-71.09454666666667,327451.72190777597,15.4,19,T
1695743211.4128263,57,56812,0,GPS_frame,,42.33790166666666,4689418.8040758995,-71.09453666666667,327452.55029880634,15.2,19,T
1695743212.401961,58,56813,0,GPS_frame,,42.337905,4689419.157306867,-71.09452833333333,327453.24594303605,15.1,19,T
1695743213.4097917,59,56814,0,GPS_frame,,42.337909999999994,4689419.692226542,-71.09451833333333,327454.0834511826,14.9,19,T
1695743214.4109898,60,56815,0,GPS_frame,,42.33791166666666,4689419.857004888,-71.09450833333334,327454.91184202,14.8,19,T
1695743215.4102926,61,56816,0,GPS_frame,,42.337915,4689420.203472011,-71.09449666666666,327455.8820967449,14.7,19,T
1695743216.4010248,62,56817,0,GPS_frame,,42.337920000000004,4689420.7383919945,-71.09448666666667,327456.7196045548,14.8,19,T
1695743217.40797,63,56818,0,GPS_frame,,42.337925,4689421.269930071,-71.094475,327457.69441757747,14.8,19,T
1695743218.4497714,64,56819,0,GPS_frame,,42.33793000000001,4689421.801468282,-71.09446333333334,327458.6692304482,15.0,19,T
1695743219.4102235,65,56820,0,GPS_frame,,42.33793333333333,4689422.14793591,-71.09445166666666,327459.63948469795,15.3,19,T
1695743220.4590218,66,56821,0,GPS_frame,,42.33793833333334,4689422.679474384,-71.09444,327460.6142972879,15.6,19,T
1695743221.448738,67,56822,0,GPS_frame,,42.337945000000005,4689423.3893198585,-71.094425,327461.8682787443,15.8,19,T
1695743222.4501338,68,56823,0,GPS_frame,,42.33795166666667,4689424.105929347,-71.09441333333332,327462.8476493726,16.0,19,T
1695743223.4475234,69,56824,0,GPS_frame,,42.33795666666666,4689424.6340863705,-71.0944,327463.9597667058,16.0,19,T
1695743224.4495678,70,56825,0,GPS_frame,,42.33796166666666,4689425.169007289,-71.09439,327464.79727334547,15.8,19,T
1695743225.4088612,71,56826,0,GPS_frame,,42.337966666666674,4689425.703928306,-71.09438,327465.6347798595,15.8,19,T
1695743226.4122286,72,56827,0,GPS_frame,,42.33797166666667,4689426.238849415,-71.09437,327466.4722862394,15.7,19,T
1695743227.4488664,73,56828,0,GPS_frame,,42.33797666666666,4689426.77038881,-71.09435833333333,327467.44709771837,15.7,19,T
1695743228.4095566,74,56829,0,GPS_frame,,42.33798166666667,4689427.301928338,-71.09434666666667,327468.42190904554,15.7,19,T
1695743229.4094748,75,56830,0,GPS_frame,,42.337986666666666,4689427.833467994,-71.094335,327469.39672022086,15.8,19,T
1695743230.4487283,76,56831,0,GPS_frame,,42.33799333333333,4689428.543314992,-71.09432,327470.65069981944,16.3,19,T
1695743231.4496713,77,56832,0,GPS_frame,,42.33799833333334,4689429.068091497,-71.094305,327471.9001210027,16.6,19,T
1695743232.412027,78,56833,0,GPS_frame,,42.338005,4689429.784702338,-71.09429333333333,327472.8794897858,16.7,19,T
1695743233.4431658,79,56834,0,GPS_frame,,42.338010000000004,4689430.312860912,-71.09428,327473.9916054134,16.7,19,T
1695743234.4502077,80,56835,0,GPS_frame,,42.338015,4689430.841019657,-71.09426666666667,327475.1037208671,16.6,19,T
1695743235.450992,81,56836,0,GPS_frame,,42.33802166666666,4689431.554249288,-71.09425333333334,327476.22039419156,17.0,19,T
1695743236.4098403,82,56837,0,GPS_frame,,42.33802666666667,4689432.08579,-71.09424166666666,327477.19520415197,17.0,19,T
1695743237.409016,83,56838,0,GPS_frame,,42.338031666666666,4689432.61394924,-71.09422833333333,327478.30731906864,17.1,19,T
1695743238.4146338,84,56839,0,GPS_frame,,42.33803666666666,4689433.14210865,-71.094215,327479.41943380726,17.1,19,T
1695743239.4104457,85,56840,0,GPS_frame,,42.33804166666667,4689433.670268236,-71.09420166666668,327480.5315483762,17.4,19,T
1695743240.4088247,86,56841,0,GPS_frame,,42.33804833333333,4689434.383498705,-71.09418833333334,327481.6482206745,17.5,19,T
1695743241.401027,87,56842,0,GPS_frame,,42.33805333333333,4689434.911658632,-71.09417499999999,327482.7603348651,17.7,19,T
1695743242.4107554,88,56843,0,GPS_frame,,42.33806,4689435.624889445,-71.09416166666666,327483.8770067321,17.9,19,T
1695743243.4070394,89,56844,0,GPS_frame,,42.33806500000001,4689436.156431192,-71.09415,327484.85181551357,17.9,19,T
1695743244.4110274,90,56845,0,GPS_frame,,42.33807166666667,4689436.869662326,-71.09413666666666,327485.96848695975,18.2,19,T
1695743245.4094532,91,56846,0,GPS_frame,,42.338078333333335,4689437.582893632,-71.09412333333333,327487.085158175,18.5,19,T
1695743246.4117837,92,56847,0,GPS_frame,,42.338085,4689438.292743703,-71.09410833333332,327488.33913415024,18.8,19,T
1695743247.417739,93,56848,0,GPS_frame,,42.338089999999994,4689438.817523276,-71.09409333333333,327489.58855216316,19.1,19,T
1695743248.4106948,94,56849,0,GPS_frame,,42.33809666666666,4689439.527373781,-71.09407833333333,327490.84252764797,19.5,19,T
1695743249.408194,95,56850,0,GPS_frame,,42.33810333333333,4689440.240605841,-71.094065,327491.9591979262,19.7,19,T
1695743250.409733,96,56851,0,GPS_frame,,42.33811000000001,4689440.960600714,-71.094055,327492.8012581015,19.5,19,T
1695743251.4010434,97,56852,0,GPS_frame,,42.33811333333333,4689441.310454253,-71.09404500000001,327493.63420290634,19.5,19,T
1695743252.4097207,98,56853,0,GPS_frame,,42.33811666666667,4689441.660307892,-71.094035,327494.4671476241,19.6,19,T
1695743253.4079094,99,56854,0,GPS_frame,,42.338121666666666,4689442.191851066,-71.09402333333334,327495.4419547212,19.8,19,T
1695743254.4121485,100,56855,0,GPS_frame,,42.33812666666666,4689442.720013122,-71.09401,327496.5540665656,20.0,19,T
1695743255.4105153,101,56856,0,GPS_frame,,42.338133333333325,4689443.433246062,-71.09399666666667,327497.6707357294,19.9,19,T
1695743256.4112544,102,56857,0,GPS_frame,,42.33813833333333,4689443.964789672,-71.093985,327498.64554232394,19.8,19,T
1695743257.4101136,103,56858,0,GPS_frame,,42.33814333333333,4689444.499714601,-71.093975,327499.4830439059,19.7,19,T
1695743258.411416,104,56859,0,GPS_frame,,42.33814833333333,4689445.038020808,-71.09396666666666,327500.1832405041,19.3,19,T
1695743259.4028244,105,56860,0,GPS_frame,,42.33815333333334,4689445.57294592,-71.09395666666666,327501.0207418394,19.2,19,T
1695743260.401586,106,56861,0,GPS_frame,,42.33815833333333,4689446.1044899775,-71.093945,327501.99554786616,19.0,19,T
1695743261.4094636,107,56862,0,GPS_frame,,42.33816333333333,4689446.639415296,-71.093935,327502.8330489286,18.8,19,T
1695743262.411644,108,56863,0,GPS_frame,,42.338168333333336,4689447.170959599,-71.09392333333334,327503.80785466684,18.6,19,T
1695743263.4093297,109,56864,0,GPS_frame,,42.338175,4689447.884193657,-71.09391000000001,327504.924522358,18.7,19,T
1695743264.410096,110,56865,0,GPS_frame,,42.338179999999994,4689448.412357175,-71.09389666666667,327506.03663253883,18.8,19,T
1695743265.4095185,111,56866,0,GPS_frame,,42.338185,4689448.943901911,-71.093885,327507.0114377746,18.9,19,T
1695743266.410782,112,56867,0,GPS_frame,,42.338190000000004,4689449.475446779,-71.09387333333333,327507.9862428563,18.9,19,T
1695743267.405353,113,56868,0,GPS_frame,,42.338195,4689450.006991778,-71.09386166666667,327508.96104778827,18.8,19,T
1695743268.4509382,114,56869,0,GPS_frame,,42.33820000000001,4689450.538536909,-71.09385,327509.9358525684,18.9,19,T
1695743269.4105494,115,56870,0,GPS_frame,,42.33820333333333,4689450.888392433,-71.09384,327510.7687953113,18.9,19,T
1695743270.4117029,116,56871,0,GPS_frame,,42.33820833333333,4689451.423318766,-71.09383,327511.6062951038,19.0,19,T
1695743271.4510388,117,56872,0,GPS_frame,,42.338211666666666,4689451.769793541,-71.09381833333333,327512.5765423615,19.0,19,T
1695743272.4434004,118,56873,0,GPS_frame,,42.33821666666666,4689452.30133916,-71.09380666666667,327513.5513466061,19.0,19,T
1695743273.4506884,119,56874,0,GPS_frame,,42.33822166666667,4689452.836265817,-71.09379666666668,327514.38884600834,18.8,19,T
1695743274.450607,120,56875,0,GPS_frame,,42.338226666666664,4689453.367811682,-71.093785,327515.36364996014,18.7,19,T
1695743275.4513457,121,56876,0,GPS_frame,,42.338235000000005,4689454.269499107,-71.09377333333333,327516.34756779525,18.8,19,T
1695743276.401546,122,56877,0,GPS_frame,,42.33824,4689454.801045235,-71.09376166666667,327517.32237139344,18.9,19,T
1695743277.404889,123,56878,0,GPS_frame,,42.33824666666666,4689455.517662208,-71.09375,327518.3017318076,19.1,19,T
1695743278.4452467,124,56879,0,GPS_frame,,42.33825166666667,4689456.052589412,-71.09374,327519.13923045236,19.4,19,T
1695743279.4025183,125,56880,0,GPS_frame,,42.338258333333336,4689456.765825836,-71.09372666666667,327520.25589511055,19.6,19,T
1695743280.4226696,126,56881,0,GPS_frame,,42.33826333333333,4689457.297372489,-71.093715,327521.23069805145,19.7,19,T
1695743281.450115,127,56882,0,GPS_frame,,42.338268333333325,4689457.835680793,-71.09370666666668,327521.9308916661,19.6,19,T
1695743282.4510868,128,56883,0,GPS_frame,,42.33827333333333,4689458.370608418,-71.09369666666666,327522.768389748,19.5,19,T
1695743283.4095552,129,56884,0,GPS_frame,,42.33827833333333,4689458.90215541,-71.09368500000001,327523.74319226615,19.5,19,T
1695743284.4446657,130,56885,0,GPS_frame,,42.338281666666674,4689459.248631822,-71.09367333333333,327524.71343782847,19.6,19,T
1695743285.4515512,131,56886,0,GPS_frame,,42.338285,4689459.588346991,-71.09365833333332,327525.95829239,19.6,19,T
1695743286.4511044,132,56887,0,GPS_frame,,42.33828833333334,4689459.928062379,-71.09364333333333,327527.2031468202,19.6,19,T
1695743287.507839,133,56888,0,GPS_frame,,42.33829333333333,4689460.452848698,-71.09362833333333,327528.45255782385,19.8,19,T
1695743288.5108476,134,56889,0,GPS_frame,,42.33829666666667,4689460.795945134,-71.093615,327529.56010743557,19.8,19,T
1695743289.5100067,135,56890,0,GPS_frame,,42.3383,4689461.142422333,-71.09360333333333,327530.5303524104,19.8,19,T
1695743290.5122242,136,56891,0,GPS_frame,,42.33830833333333,4689462.047492384,-71.09359333333333,327531.37696267193,19.9,19,T
1695743291.5112033,137,56892,0,GPS_frame,,42.338316666666664,4689462.952562532,-71.09358333333333,327532.2235727166,20.0,19,T
1695743292.5175762,138,56893,0,GPS_frame,,42.33832333333333,4689463.675942611,-71.093575,327532.92832149164,19.9,19,T
1695743293.510324,139,56894,0,GPS_frame,,42.33833,4689464.395942223,-71.093565,327533.7703745761,19.8,19,T
1695743294.5083773,140,56895,0,GPS_frame,,42.33833500000001,4689464.927490703,-71.09355333333333,327534.7451753768,19.7,19,T
1695743295.5088348,141,56896,0,GPS_frame,,42.33834333333333,4689465.822419754,-71.09353833333333,327536.0036979129,19.2,19,T
1695743296.5089698,142,56897,0,GPS_frame,,42.33835166666666,4689466.720729494,-71.093525,327537.1249157239,19.0,19,T
1695743297.510855,143,56898,0,GPS_frame,,42.338359999999994,4689467.622419852,-71.09351333333333,327538.10882886034,19.0,19,T
1695743298.5088346,144,56899,0,GPS_frame,,42.33836833333333,4689468.524110344,-71.09350166666667,327539.0927417435,19.1,19,T
1695743299.5045476,145,56900,0,GPS_frame,,42.33837666666667,4689469.419040149,-71.09348666666666,327540.3512630761,19.1,19,T
1695743300.508833,146,56901,0,GPS_frame,,42.338385,4689470.320730941,-71.093475,327541.3351754225,18.8,19,T
1695743301.5112667,147,56902,0,GPS_frame,,42.338391666666666,4689471.033970782,-71.09346166666666,327542.45183547895,18.8,19,T
1695743302.5121825,148,56903,0,GPS_frame,,42.33839833333333,4689471.750591142,-71.09345,327543.4311909975,18.9,19,T
1695743303.5107708,149,56904,0,GPS_frame,,42.338404999999995,4689472.473972296,-71.09344166666666,327544.13593774626,18.9,19,T
1695743304.5106368,150,56905,0,GPS_frame,,42.33841,4689473.0089024855,-71.09343166666666,327544.9734323325,19.1,19,T
1695743305.5096464,151,56906,0,GPS_frame,,42.338415000000005,4689473.547213074,-71.09342333333333,327545.6736225267,19.0,19,T
1695743306.5021622,152,56907,0,GPS_frame,,42.33842333333334,4689474.455665157,-71.09341500000001,327546.3829251155,19.0,19,T
1695743307.5102444,153,56908,0,GPS_frame,,42.33843333333333,4689475.545807749,-71.093405,327547.23408798856,19.1,19,T
1695743308.5097532,154,56909,0,GPS_frame,,42.33844166666666,4689476.444119209,-71.09339166666668,327548.3553028092,19.3,19,T
1695743309.5106559,155,56910,0,GPS_frame,,42.338449999999995,4689477.342430841,-71.09337833333333,327549.4765173422,19.5,19,T
1695743310.5090675,156,56911,0,GPS_frame,,42.338461666666674,4689478.617644505,-71.09336833333333,327550.3322355547,19.7,19,T
1695743311.5104797,157,56912,0,GPS_frame,,42.33847166666666,4689479.697646961,-71.09335333333334,327551.5953097572,19.9,19,T
1695743312.510042,158,56913,0,GPS_frame,,42.33847833333333,4689480.407508202,-71.09333833333334,327552.8492713908,20.0,19,T
1695743313.5060308,159,56914,0,GPS_frame,,42.33848666666666,4689481.309200672,-71.09332666666666,327553.8331806091,20.2,19,T
1695743314.5093098,160,56915,0,GPS_frame,,42.338494999999995,4689482.210893272,-71.093315,327554.8170895699,20.4,19,T
1695743315.5111754,161,56916,0,GPS_frame,,42.33850833333333,4689483.674558383,-71.09330666666666,327555.5400582163,20.4,19,T
1695743316.5007894,162,56917,0,GPS_frame,,42.33851833333333,4689484.761321927,-71.093295,327556.52852264175,20.6,19,T
1695743317.5095453,163,56918,0,GPS_frame,,42.338530000000006,4689486.039916486,-71.09328666666667,327557.24693471345,21.0,19,T
1695743318.5475388,164,56919,0,GPS_frame,,42.338539999999995,4689487.130060324,-71.09327666666667,327558.09809456655,21.4,19,T
1695743319.5095441,165,56920,0,GPS_frame,,42.338550000000005,4689488.216824208,-71.093265,327559.08655813185,21.7,19,T
1695743320.5103972,166,56921,0,GPS_frame,,42.33856166666666,4689489.48865894,-71.09325333333332,327560.0795773121,22.0,19,T
1695743321.5106502,167,56922,0,GPS_frame,,42.338573333333336,4689490.763873823,-71.09324333333333,327560.93529222126,22.3,19,T
1695743322.5488732,168,56923,0,GPS_frame,,42.338584999999995,4689492.039088801,-71.09323333333333,327561.7910068319,22.5,19,T
1695743323.5507045,169,56924,0,GPS_frame,,42.338596666666675,4689493.310923896,-71.09322166666668,327562.7840250111,22.9,19,T
1695743324.549091,170,56925,0,GPS_frame,,42.33860500000001,4689494.209237725,-71.09320833333332,327563.90523504966,23.0,19,T
1695743325.5521598,171,56926,0,GPS_frame,,42.33859333333333,4689492.876563308,-71.09319,327565.3836869368,22.0,19,T
1695743326.5424292,172,56927,0,GPS_frame,,42.338583333333325,4689491.739099653,-71.09317666666668,327566.45478344,21.4,19,T
1695743327.523824,173,56928,0,GPS_frame,,42.338575000000006,4689490.786706892,-71.09316333333332,327567.5304360188,20.9,19,T
1695743328.548433,174,56929,0,GPS_frame,,42.33857166666667,4689490.389526453,-71.09315,327568.6197559516,20.4,19,T
1695743329.5103595,175,56930,0,GPS_frame,,42.33856166666666,4689489.245303641,-71.09313333333333,327569.9654612506,19.4,19,T
1695743330.5100055,176,56931,0,GPS_frame,,42.33855833333334,4689488.851503414,-71.09312166666668,327570.9174775996,18.7,19,T
1695743331.5506456,177,56932,0,GPS_frame,,42.33856333333333,4689489.386436695,-71.09311166666666,327571.7549681166,18.7,19,T
1695743332.5506973,178,56933,0,GPS_frame,,42.33856833333333,4689489.921370074,-71.09310166666667,327572.5924585016,19.0,19,T
1695743333.5128484,179,56934,0,GPS_frame,,42.338573333333336,4689490.456303552,-71.09309166666667,327573.42994875886,19.2,19,T
1695743334.5418255,180,56935,0,GPS_frame,,42.33858166666667,4689491.364758314,-71.09308333333334,327574.13924606587,19.5,19,T
1695743335.5476818,181,56936,0,GPS_frame,,42.338588333333334,4689492.084762682,-71.09307333333332,327574.98129155725,19.7,19,T
1695743336.547529,182,56937,0,GPS_frame,,42.33859,4689492.252934726,-71.093065,327575.67236648325,19.9,19,T
1695743337.5109434,183,56938,0,GPS_frame,,42.33859333333333,4689492.60955727,-71.09305833333333,327576.2306929898,20.0,19,T
1695743338.508066,184,56939,0,GPS_frame,,42.338596666666675,4689492.962800153,-71.09304999999999,327576.926323304,20.1,19,T
1695743339.5104628,185,56940,0,GPS_frame,,42.33860500000001,4689493.874634942,-71.09304333333333,327577.4983160644,20.5,19,T
1695743340.5103755,186,56941,0,GPS_frame,,42.33861333333333,4689494.783090092,-71.093035,327578.207612516,20.9,19,T
1695743341.5115576,187,56942,0,GPS_frame,,42.338628333333325,4689496.435207845,-71.09302833333332,327578.79782669205,21.1,19,T
1695743342.5103219,188,56943,0,GPS_frame,,42.33864333333333,4689498.080566333,-71.09301833333333,327579.66264814517,21.5,19,T
1695743343.5079405,189,56944,0,GPS_frame,,42.33865000000001,4689498.803950972,-71.09301,327580.3673885274,21.7,19,T
1695743344.5082555,190,56945,0,GPS_frame,,42.33865833333333,4689499.705647148,-71.09299833333333,327581.3512916053,21.9,19,T
1695743345.509344,191,56946,0,GPS_frame,,42.33866833333333,4689500.789034573,-71.092985,327582.47705348453,22.1,19,T
1695743346.5074308,192,56947,0,GPS_frame,,42.338680000000004,4689502.060872468,-71.09297333333333,327583.4700666446,22.3,19,T
1695743347.5059261,193,56948,0,GPS_frame,,42.33869166666667,4689503.329330934,-71.09295999999999,327584.6003831129,22.9,19,T
1695743348.5111208,194,56949,0,GPS_frame,,42.338710000000006,4689505.344831525,-71.09295,327585.47431297594,23.5,19,T
1695743349.5101,195,56950,0,GPS_frame,,42.338725000000004,4689506.990190781,-71.09294,327586.33913188835,24.1,19,T
1695743350.5105598,196,56951,0,GPS_frame,,42.338731666666675,4689507.706817032,-71.09292833333333,327587.31847786845,24.2,19,T
1695743351.5121295,197,56952,0,GPS_frame,,42.338745,4689509.163726289,-71.09291666666667,327588.31604442804,25.2,19,T
1695743352.5025153,198,56953,0,GPS_frame,,42.33875833333333,4689510.620635678,-71.092905,327589.3136105917,26.1,19,T
1695743353.510334,199,56954,0,GPS_frame,,42.33876166666667,4689510.967120887,-71.09289333333332,327590.28384547634,26.6,19,T
1695743354.50216,200,56955,0,GPS_frame,,42.338768333333334,4689511.697265419,-71.09288833333333,327590.71397653455,27.0,19,T
1695743355.510456,201,56956,0,GPS_frame,,42.338775000000005,4689512.420651109,-71.09288,327591.4187144629,27.5,19,T
1695743356.5117292,202,56957,0,GPS_frame,,42.338786666666664,4689513.706007865,-71.092875,327591.86251065054,28.4,19,T
1695743357.511875,203,56958,0,GPS_frame,,42.33879,4689514.069390464,-71.09287166666667,327592.1462277562,28.6,19,T
1695743358.5099735,204,56959,0,GPS_frame,,42.33879833333334,4689514.977847009,-71.09286333333333,327592.8555203947,29.5,19,T
1695743359.5052016,205,56960,0,GPS_frame,,42.338800000000006,4689515.1392619675,-71.09285166666668,327593.8211994309,29.7,19,T
1695743360.5093596,206,56961,0,GPS_frame,,42.33880333333333,4689515.485747775,-71.09284,327594.79143344995,29.9,19,T
1695743361.5100794,207,56962,0,GPS_frame,,42.33880666666667,4689515.835613065,-71.09283,327595.62436395907,30.0,19,T
1695743362.5087175,208,56963,0,GPS_frame,,42.33881833333333,4689517.127728756,-71.09282833333333,327595.7935524343,29.9,19,T
1695743363.5099103,209,56964,0,GPS_frame,,42.338825,4689517.8511149315,-71.09282,327596.4982893102,30.1,19,T
1695743364.5103238,210,56965,0,GPS_frame,,42.33882666666667,4689518.015909694,-71.09281,327597.3266644829,30.2,19,T
1695743365.513302,211,56966,0,GPS_frame,,42.33883000000001,4689518.369154579,-71.09280166666667,327598.0222912019,30.2,19,T
1695743366.5068798,212,56967,0,GPS_frame,,42.338835,4689518.904090957,-71.09279166666667,327598.85977612983,30.3,19,T
1695743367.5098655,213,56968,0,GPS_frame,,42.33884333333334,4689519.805789605,-71.09277999999999,327599.8436740787,30.3,19,T
1695743368.5101502,214,56969,0,GPS_frame,,42.33884666666666,4689520.155655473,-71.09277,327600.6766038076,30.3,19,T
1695743369.5426173,215,56970,0,GPS_frame,,42.33885166666667,4689520.687212925,-71.09275833333332,327601.65139162506,30.4,19,T
1695743370.502538,216,56971,0,GPS_frame,,42.338860000000004,4689521.588911948,-71.09274666666667,327602.6352889558,30.4,19,T
1695743371.505622,217,56972,0,GPS_frame,,42.338866666666675,4689522.305540383,-71.09273499999999,327603.6146312306,30.7,19,T
1695743372.549839,218,56973,0,GPS_frame,,42.33887333333334,4689523.0255481275,-71.092725,327604.45667003957,30.9,19,T
1695743373.5107136,219,56974,0,GPS_frame,,42.338876666666664,4689523.372035366,-71.09271333333332,327605.4269023959,31.1,19,T
1695743374.5531485,220,56975,0,GPS_frame,,42.33888,4689523.718522735,-71.09270166666667,327606.3971346442,31.3,19,T
1695743375.5520027,221,56976,0,GPS_frame,,42.33888666666667,4689524.435151677,-71.09268999999999,327607.37647622614,31.3,19,T
1695743376.5509827,222,56977,0,GPS_frame,,42.33889166666666,4689524.973468249,-71.09268166666668,327608.0766564733,31.4,19,T
1695743377.552003,223,56978,0,GPS_frame,,42.33888666666667,4689524.404739663,-71.092675,327608.6122053089,31.0,19,T
1695743378.5088212,224,56979,0,GPS_frame,,42.338858333333334,4689521.231504712,-71.09266166666666,327609.6332020783,29.5,19,T
1695743379.5508294,225,56980,0,GPS_frame,,42.338835,4689518.613482108,-71.09264833333333,327610.6678637344,28.5,19,T
1695743380.50862,226,56981,0,GPS_frame,,42.338811666666665,4689515.9988387255,-71.09263666666668,327611.5652228382,27.6,19,T
1695743381.5483012,227,56982,0,GPS_frame,,42.338795,4689514.137994452,-71.09263166666666,327611.93158721767,27.2,19,T
1695743382.5493367,228,56983,0,GPS_frame,,42.33878166666667,4689512.643912621,-71.092625,327612.444364425,26.3,19,T
1695743383.5106227,229,56984,0,GPS_frame,,42.33878166666667,4689512.647291642,-71.09262666666667,327612.30706096423,26.4,19,T
1695743384.5495236,230,56985,0,GPS_frame,,42.338775000000005,4689511.9002507385,-71.09262333333332,327612.5634496461,26.0,19,T
1695743385.5493364,231,56986,0,GPS_frame,,42.338775000000005,4689511.9002507385,-71.09262333333332,327612.5634496461,26.0,19,T
1695743386.5509002,232,56987,0,GPS_frame,,42.338775000000005,4689511.9002507385,-71.09262333333332,327612.5634496461,26.0,19,T
1695743387.5115275,233,56988,0,GPS_frame,,42.338775000000005,4689511.9002507385,-71.09262333333332,327612.5634496461,26.0,19,T
1695743388.5118148,234,56989,0,GPS_frame,,42.338768333333334,4689511.153209847,-71.09262,327612.81983838417,25.7,19,T
1695743389.5110044,235,56990,0,GPS_frame,,42.338768333333334,4689511.153209847,-71.09262,327612.81983838417,25.7,19,T
1695743390.5118413,236,56991,0,GPS_frame,,42.338768333333334,4689511.153209847,-71.09262,327612.81983838417,25.7,19,T
1695743391.511392,237,56992,0,GPS_frame,,42.338768333333334,4689511.153209847,-71.09262,327612.81983838417,25.7,19,T
1695743392.5110104,238,56993,0,GPS_frame,,42.338768333333334,4689511.153209847,-71.09262,327612.81983838417,25.7,19,T
1695743393.512517,239,56994,0,GPS_frame,,42.338768333333334,4689511.153209847,-71.09262,327612.81983838417,25.7,19,T
1695743394.5103776,240,56995,0,GPS_frame,,42.338768333333334,4689511.153209847,-71.09262,327612.81983838417,25.7,19,T
1695743395.511133,241,56996,0,GPS_frame,,42.33875833333333,4689510.036027536,-71.09261666666666,327613.06711809715,25.2,19,T
1695743396.511136,242,56997,0,GPS_frame,,42.33875166666667,4689509.278849683,-71.09260833333333,327613.735417548,24.9,19,T
1695743397.5104718,243,56998,0,GPS_frame,,42.33874833333333,4689508.88505538,-71.09259666666667,327614.68743322324,24.6,19,T
1695743398.5054514,244,56999,0,GPS_frame,,42.33873833333334,4689507.747599398,-71.09258333333334,327615.7585346579,24.0,19,T
1695743399.5127556,245,57000,0,GPS_frame,,42.338731666666675,4689506.976906092,-71.09256833333333,327616.9760488981,23.3,19,T
1695743400.510321,246,57001,0,GPS_frame,,42.33871666666667,4689505.267343849,-71.09254666666668,327618.72000578814,22.3,19,T
1695743401.5051155,247,57002,0,GPS_frame,,42.33871666666667,4689505.240312806,-71.09253333333332,327619.8184345941,22.2,19,T
1695743402.51029,248,57003,0,GPS_frame,,42.338719999999995,4689505.57666567,-71.09251666666667,327621.20057924057,22.3,19,T
1695743403.508536,249,57004,0,GPS_frame,,42.338723333333334,4689505.916397623,-71.09250166666668,327622.4454201583,22.3,19,T
1695743404.5093255,250,57005,0,GPS_frame,,42.338725000000004,4689506.064301496,-71.09248333333333,327623.96031384944,22.5,19,T
1695743405.5081236,251,57006,0,GPS_frame,,42.33872833333333,4689506.400655167,-71.09246666666667,327625.3424580981,22.6,19,T
1695743406.5068355,252,57007,0,GPS_frame,,42.338735,4689507.1139080115,-71.09245333333334,327626.4591034331,22.6,19,T
1695743407.507317,253,57008,0,GPS_frame,,42.33874000000001,4689507.638711596,-71.09243833333333,327627.7084979323,23.3,19,T
1695743408.5099456,254,57009,0,GPS_frame,,42.338745,4689508.170272788,-71.09242666666667,327628.6832851593,23.4,19,T
1695743409.5031986,255,57010,0,GPS_frame,,42.33875166666667,4689508.8869048245,-71.092415,327629.6626263382,23.5,19,T
1695743410.5021431,256,57011,0,GPS_frame,,42.33875833333333,4689509.603536991,-71.09240333333334,327630.64196731325,23.7,19,T
1695743411.5076349,257,57012,0,GPS_frame,,42.338766666666665,4689510.508618647,-71.09239333333333,327631.4885586533,23.9,19,T
1695743412.5096972,258,57013,0,GPS_frame,,42.338775000000005,4689511.40356453,-71.09237833333333,327632.7470601946,24.4,19,T
1695743413.5063028,259,57014,0,GPS_frame,,42.33878333333334,4689512.295132037,-71.09236166666666,327634.1428648647,24.9,19,T
1695743414.511929,260,57015,0,GPS_frame,,42.33879,4689513.011764806,-71.09235,327635.12220490223,25.2,19,T
1695743415.5099344,261,57016,0,GPS_frame,,42.33879833333334,4689513.913468422,-71.09233833333333,327636.1060986788,25.4,19,T
1695743416.5096643,262,57017,0,GPS_frame,,42.338809999999995,4689515.192070677,-71.09232999999999,327636.82449324534,25.5,19,T
1695743417.5104377,263,57018,0,GPS_frame,,42.338820000000005,4689516.288980816,-71.09232333333333,327637.4010302832,25.5,19,T
1695743418.5078738,264,57019,0,GPS_frame,,42.338835,4689517.9613743145,-71.09232666666666,327637.16740879905,25.1,19,T
1695743419.5106344,265,57020,0,GPS_frame,,42.33884166666667,4689518.6881430475,-71.09232,327637.73483777896,25.0,19,T
1695743420.5458724,266,57021,0,GPS_frame,,42.338853333333326,4689519.980259528,-71.09231833333334,327637.9040184152,24.9,19,T
1695743421.5023954,267,57022,0,GPS_frame,,42.338865000000006,4689521.268997495,-71.092315,327638.21050228673,24.9,19,T
1695743422.507254,268,57023,0,GPS_frame,,42.33887500000001,4689522.369286247,-71.09231,327638.6497354249,24.9,19,T
1695743423.5497794,269,57024,0,GPS_frame,,42.33888166666667,4689523.092676591,-71.09230166666666,327639.35446716484,25.0,19,T
1695743424.5066617,270,57025,0,GPS_frame,,42.338890000000006,4689523.994380756,-71.09229,327640.3383590522,25.0,19,T
1695743425.549204,271,57026,0,GPS_frame,,42.338898333333326,4689524.899463513,-71.09228,327641.1849474887,25.1,19,T
1695743426.5463903,272,57027,0,GPS_frame,,42.33890666666666,4689525.807924816,-71.09227166666666,327641.894232525,25.2,19,T
1695743427.5486045,273,57028,0,GPS_frame,,42.338915,4689526.713007754,-71.09226166666667,327642.7408205484,25.3,19,T
1695743428.5499625,274,57029,0,GPS_frame,,42.33892666666667,4689527.998367484,-71.09225666666666,327643.1846064639,25.4,19,T
1695743429.549856,275,57030,0,GPS_frame,,42.33893833333333,4689529.27697041,-71.09224833333333,327643.9029984625,25.6,19,T
1695743430.5097048,276,57031,0,GPS_frame,,42.338948333333335,4689530.363745897,-71.09223666666666,327644.89144266106,25.8,19,T
1695743431.5112784,277,57032,0,GPS_frame,,42.338955000000006,4689531.087136836,-71.09222833333334,327645.59617298376,26.2,19,T
1695743432.5472095,278,57033,0,GPS_frame,,42.33896500000001,4689532.177290912,-71.09221833333332,327646.44731362036,26.5,19,T
1695743433.5432825,279,57034,0,GPS_frame,,42.33897666666667,4689533.449137454,-71.09220666666667,327647.4403106998,26.8,19,T
1695743434.5054135,280,57035,0,GPS_frame,,42.33898333333333,4689534.165771978,-71.09219499999999,327648.41964649706,27.1,19,T
1695743435.545414,281,57036,0,GPS_frame,,42.338991666666665,4689535.067477352,-71.09218333333334,327649.40353571053,27.3,19,T
1695743436.5460737,282,57037,0,GPS_frame,,42.339001666666675,4689536.157631866,-71.09217333333332,327650.2546752967,27.5,19,T
1695743437.5493922,283,57038,0,GPS_frame,,42.33901000000001,4689537.059337485,-71.09216166666667,327651.2385640014,27.8,19,T
1695743438.5055406,284,57039,0,GPS_frame,,42.339013333333334,4689537.405831081,-71.09215,327652.20879180613,28.0,19,T
1695743439.506918,285,57040,0,GPS_frame,,42.33902,4689538.1258444805,-71.09214,327653.0508236244,28.3,19,T
1695743440.5069542,286,57041,0,GPS_frame,,42.33903,4689539.215999412,-71.09213,327653.90196228446,28.5,19,T
1695743441.5091624,287,57042,0,GPS_frame,,42.339046666666675,4689541.053193734,-71.09212333333333,327654.49670887785,29.5,19,T
1695743442.5069838,288,57043,0,GPS_frame,,42.33904833333333,4689541.214617042,-71.09211166666667,327655.46238249156,29.8,19,T
1695743443.5076811,289,57044,0,GPS_frame,,42.339038333333335,4689540.073789118,-71.09209666666668,327656.67078774655,29.5,19,T
1695743444.5101655,290,57045,0,GPS_frame,,42.33902500000001,4689538.56281998,-71.09208166666667,327657.8700865925,28.0,19,T
1695743445.5082934,291,57046,0,GPS_frame,,42.33901000000001,4689536.86678035,-71.09206666666667,327659.06483260414,26.3,19,T
1695743446.5064397,292,57047,0,GPS_frame,,42.339000000000006,4689535.722575,-71.09205,327660.41054219427,25.2,19,T
1695743447.5084074,293,57048,0,GPS_frame,,42.338993333333335,4689534.951889419,-71.092035,327661.62805581786,24.6,19,T
1695743448.5065467,294,57049,0,GPS_frame,,42.338989999999995,4689534.551345492,-71.09202,327662.85467623,23.8,19,T
1695743449.5133817,295,57050,0,GPS_frame,,42.33897833333334,4689533.225448207,-71.092005,327664.05853062065,22.8,19,T
1695743450.509913,296,57051,0,GPS_frame,,42.338975,4689532.824904718,-71.09199,327665.2851514601,22.1,19,T
1695743451.5105214,297,57052,0,GPS_frame,,42.33897166666667,4689532.420983482,-71.09197333333333,327666.6490754691,21.6,19,T
1695743452.5111299,298,57053,0,GPS_frame,,42.338955000000006,4689530.533118862,-71.09195500000001,327668.1138777095,20.4,19,T
1695743453.5074968,299,57054,0,GPS_frame,,42.338946666666665,4689529.573986053,-71.09193833333333,327669.46414306184,19.7,19,T
1695743454.5126238,300,57055,0,GPS_frame,,42.338943333333326,4689529.173443541,-71.09192333333334,327670.69076481124,19.1,19,T
1695743455.5091553,301,57056,0,GPS_frame,,42.338946666666665,4689529.5199398305,-71.09191166666666,327671.6609925708,19.0,19,T
1695743456.5086145,302,57057,0,GPS_frame,,42.33895166666666,4689530.051506964,-71.0919,327672.6357732278,19.0,19,T
1695743457.5066533,303,57058,0,GPS_frame,,42.338956666666675,4689530.579696403,-71.09188666666667,327673.74785680434,19.0,19,T
1695743458.5092094,304,57059,0,GPS_frame,,42.33896,4689530.926193107,-71.091875,327674.718084201,18.9,19,T
1695743459.5135605,305,57060,0,GPS_frame,,42.338966666666664,4689531.642831367,-71.09186333333334,327675.697417337,18.9,19,T
1695743460.5103269,306,57061,0,GPS_frame,,42.33897166666667,4689532.17777682,-71.09185333333333,327676.53489433706,18.8,19,T
1695743461.507634,307,57062,0,GPS_frame,,42.33897666666667,4689532.709344611,-71.09184166666667,327677.5096742326,18.8,19,T
1695743462.5090003,308,57063,0,GPS_frame,,42.33897833333334,4689532.867393375,-71.09182833333332,327678.61265130586,18.7,19,T
1695743463.5095465,309,57064,0,GPS_frame,,42.33898166666666,4689533.210513024,-71.091815,327679.72018113465,18.6,19,T
1695743464.5127146,310,57065,0,GPS_frame,,42.338988333333326,4689533.927151961,-71.09180333333333,327680.6995134215,18.6,19,T
1695743465.5114164,311,57066,0,GPS_frame,,42.338991666666665,4689534.273649606,-71.09179166666667,327681.6697399728,18.6,19,T
1695743466.510998,312,57067,0,GPS_frame,,42.33899833333333,4689534.986911153,-71.09177833333334,327682.78637488367,18.6,19,T
1695743467.5068731,313,57068,0,GPS_frame,,42.33900666666667,4689535.888621219,-71.09176666666667,327683.77025931404,18.7,19,T
1695743468.5124216,314,57069,0,GPS_frame,,42.339013333333334,4689536.59850548,-71.09175166666667,327685.02419670025,18.8,19,T
1695743469.503212,315,57070,0,GPS_frame,,42.33902166666667,4689537.503593437,-71.09174166666666,327685.8707776879,18.8,19,T
1695743470.5104637,316,57071,0,GPS_frame,,42.33902833333333,4689538.220233205,-71.09173000000001,327686.8501087333,18.9,19,T
1695743471.5508633,317,57072,0,GPS_frame,,42.339033333333326,4689538.748424833,-71.09171666666666,327687.96218987345,19.0,19,T
1695743472.5101159,318,57073,0,GPS_frame,,42.339038333333335,4689539.276616637,-71.09170333333333,327689.0742708377,19.2,19,T
1695743473.5123518,319,57074,0,GPS_frame,,42.33904166666666,4689539.616360388,-71.09168833333334,327690.3191019631,19.2,19,T
1695743474.5505311,320,57075,0,GPS_frame,,42.339045000000006,4689539.959481843,-71.091675,327691.4266300821,19.2,19,T
1695743475.549764,321,57076,0,GPS_frame,,42.33904833333333,4689540.302603467,-71.09166166666667,327692.5341580824,19.3,19,T
1695743476.550523,322,57077,0,GPS_frame,,42.33905333333334,4689540.834173424,-71.09165,327693.5089355672,19.3,19,T
1695743477.5129554,323,57078,0,GPS_frame,,42.33906166666667,4689541.735884937,-71.09163833333334,327694.4928177776,19.5,19,T
1695743478.509612,324,57079,0,GPS_frame,,42.33906999999999,4689542.640973992,-71.09162833333333,327695.33939691435,19.7,19,T
1695743479.510931,325,57080,0,GPS_frame,,42.339083333333335,4689544.101275287,-71.09161833333333,327696.1996330252,20.0,19,T
1695743480.5118124,326,57081,0,GPS_frame,,42.339091666666675,4689545.0063645365,-71.09160833333334,327697.04621166736,20.1,19,T
1695743481.5542207,327,57082,0,GPS_frame,,42.33909833333334,4689545.72638317,-71.09159833333334,327697.8882377398,20.1,19,T
1695743482.5097485,328,57083,0,GPS_frame,,42.339101666666664,4689546.072883125,-71.09158666666667,327698.85846172774,20.0,19,T
1695743483.5111175,329,57084,0,GPS_frame,,42.339105,4689546.41600589,-71.09157333333333,327699.96598836174,20.0,19,T
1695743484.5082622,330,57085,0,GPS_frame,,42.33910833333333,4689546.755751526,-71.09155833333332,327701.2108176176,20.0,19,T
1695743485.5517423,331,57086,0,GPS_frame,,42.33911166666667,4689547.098874656,-71.091545,327702.3183440091,20.0,19,T
1695743486.51021,332,57087,0,GPS_frame,,42.33911666666666,4689547.6270686705,-71.09153166666667,327703.43042249535,20.0,19,T
1695743487.5044794,333,57088,0,GPS_frame,,42.33912,4689547.973569379,-71.09152,327704.4006459126,20.0,19,T
1695743488.510632,334,57089,0,GPS_frame,,42.339124999999996,4689548.501763717,-71.09150666666666,327705.51272409083,19.9,19,T
1695743489.5512435,335,57090,0,GPS_frame,,42.33912999999999,4689549.033335421,-71.091495,327706.4874994046,20.0,19,T
1695743490.5103016,336,57091,0,GPS_frame,,42.339135000000006,4689549.561530084,-71.09148166666667,327707.59957724606,20.0,19,T
1695743491.510717,337,57092,0,GPS_frame,,42.33914,4689550.089724916,-71.09146833333332,327708.7116549158,20.0,19,T
1695743492.5110946,338,57093,0,GPS_frame,,42.339144999999995,4689550.621297052,-71.09145666666667,327709.6864297498,20.0,19,T
1695743493.503279,339,57094,0,GPS_frame,,42.33915333333333,4689551.523010749,-71.09144500000001,327710.6703084852,20.4,19,T
1695743494.5100236,340,57095,0,GPS_frame,,42.33916166666666,4689552.428101675,-71.091435,327711.51688434626,20.4,19,T
1695743495.511627,341,57096,0,GPS_frame,,42.339169999999996,4689553.329815617,-71.09142333333332,327712.50076259964,20.5,19,T
1695743496.5494664,342,57097,0,GPS_frame,,42.33917666666666,4689554.0464589745,-71.09141166666667,327713.4800886424,20.6,19,T
1695743497.5504076,343,57098,0,GPS_frame,,42.339185,4689554.944796139,-71.09139833333333,327714.601268988,20.6,19,T
1695743498.5109553,344,57099,0,GPS_frame,,42.339189999999995,4689555.472992046,-71.091385,327715.7133452471,20.8,19,T
1695743499.5061202,345,57100,0,GPS_frame,,42.339195000000004,4689556.001188126,-71.09137166666666,327716.8254213324,21.0,19,T
1695743500.549658,346,57101,0,GPS_frame,,42.33920166666667,4689556.71445509,-71.09135833333333,327717.9420490869,21.4,19,T
1695743501.551444,347,57102,0,GPS_frame,,42.33921,4689557.616169899,-71.09134666666667,327718.9259259061,21.8,19,T
1695743502.5494068,348,57103,0,GPS_frame,,42.33921999999999,4689558.7029555505,-71.091335,327719.91435426375,22.0,19,T
1695743503.5073729,349,57104,0,GPS_frame,,42.33923,4689559.793118259,-71.09132500000001,327720.76547984977,22.3,19,T
1695743504.5065966,350,57105,0,GPS_frame,,42.339238333333334,4689560.688079642,-71.09131000000001,327722.02396079246,22.6,19,T
1695743505.510877,351,57106,0,GPS_frame,,42.339245,4689561.404724279,-71.09129833333333,327723.00328482495,22.8,19,T
1695743506.5058777,352,57107,0,GPS_frame,,42.33924999999999,4689561.932921475,-71.091285,327724.115359396,22.9,19,T
1695743507.5050368,353,57108,0,GPS_frame,,42.33925166666666,4689562.094354252,-71.09127333333332,327725.08102805377,22.5,19,T
1695743508.51399,354,57109,0,GPS_frame,,42.339255,4689562.444234697,-71.09126333333333,327725.913945877,22.3,19,T
1695743509.51106,355,57110,0,GPS_frame,,42.33925333333333,4689562.235526288,-71.09125166666666,327726.87051118375,22.2,19,T
1695743510.5091338,356,57111,0,GPS_frame,,42.339255,4689562.396959443,-71.09124,327727.8361797165,22.1,19,T
1695743511.5092797,357,57112,0,GPS_frame,,42.339258333333326,4689562.746840209,-71.09123,327728.6690973497,22.1,19,T
1695743512.5096455,358,57113,0,GPS_frame,,42.339261666666665,4689563.0933443215,-71.09121833333333,327729.6393172995,22.2,19,T
1695743513.5140295,359,57114,0,GPS_frame,,42.33926833333333,4689563.809989993,-71.09120666666666,327730.6186401802,22.4,19,T
1695743514.5101612,360,57115,0,GPS_frame,,42.33927333333333,4689564.348318514,-71.09119833333332,327731.3188066139,22.4,19,T
1695743515.5117571,361,57116,0,GPS_frame,,42.339279999999995,4689565.068341113,-71.09118833333333,327732.16082678206,22.4,19,T
1695743516.5101104,362,57117,0,GPS_frame,,42.339285000000004,4689565.603293095,-71.09117833333333,327732.9982953236,22.2,19,T
1695743517.5098484,363,57118,0,GPS_frame,,42.33929333333334,4689566.508386603,-71.09116833333333,327733.84486660303,22.1,19,T
1695743518.5100932,364,57119,0,GPS_frame,,42.33929499999999,4689566.673197347,-71.09115833333334,327734.67323201254,21.8,19,T
1695743519.5061684,365,57120,0,GPS_frame,,42.33930166666667,4689567.389843698,-71.09114666666666,327735.6525538703,21.9,19,T
1695743520.509195,366,57121,0,GPS_frame,,42.339308333333335,4689568.109866797,-71.09113666666667,327736.49457322515,21.9,19,T
1695743521.549038,367,57122,0,GPS_frame,,42.339316666666676,4689569.011584108,-71.09112499999999,327737.478446039,22.0,19,T
1695743522.5104032,368,57123,0,GPS_frame,,42.339324999999995,4689569.91667813,-71.091115,327738.3250163349,22.1,19,T
1695743523.5139143,369,57124,0,GPS_frame,,42.33933166666667,4689570.63332497,-71.09110333333334,327739.3043373634,22.1,19,T
1695743524.509441,370,57125,0,GPS_frame,,42.339335,4689570.9764539655,-71.09109,327740.4118578911,22.1,19,T
1695743525.5489511,371,57126,0,GPS_frame,,42.33933999999999,4689571.501277327,-71.091075,327741.6612317692,21.9,19,T
1695743526.5499778,372,57127,0,GPS_frame,,42.339345,4689572.029477404,-71.09106166666668,327742.77330323507,21.8,19,T
1695743527.5469809,373,57128,0,GPS_frame,,42.339349999999996,4689572.554301178,-71.09104666666667,327744.0226767324,21.8,19,T
1695743528.5093331,374,57129,0,GPS_frame,,42.33935833333333,4689573.456019504,-71.09103499999999,327745.0065479435,21.9,19,T
1695743529.5077524,375,57130,0,GPS_frame,,42.33936666666667,4689574.357737961,-71.09102333333334,327745.9904188992,21.8,19,T
1695743530.5071325,376,57131,0,GPS_frame,,42.339373333333334,4689575.07100942,-71.09101000000001,327747.1070406612,21.9,19,T
1695743531.5492733,377,57132,0,GPS_frame,,42.33938166666667,4689575.969351764,-71.09099666666665,327748.2282132654,21.9,19,T
1695743532.5069673,378,57133,0,GPS_frame,,42.33939166666667,4689577.056141373,-71.090985,327749.216634498,22.0,19,T
1695743533.5090108,379,57134,0,GPS_frame,,42.33940166666666,4689578.146307465,-71.090975,327750.0677533398,22.1,19,T
1695743534.507013,380,57135,0,GPS_frame,,42.339406666666676,4689578.674508833,-71.09096166666667,327751.17982308485,22.2,19,T
1695743535.548796,381,57136,0,GPS_frame,,42.33941333333334,4689579.387781086,-71.09094833333333,327752.2964436243,22.4,19,T
1695743536.514352,382,57137,0,GPS_frame,,42.339420000000004,4689580.107806104,-71.09093833333333,327753.1384598205,22.7,19,T
1695743537.5115185,383,57138,0,GPS_frame,,42.33942833333334,4689581.019654509,-71.09093166666666,327753.71042269643,22.9,19,T
1695743538.509685,384,57139,0,GPS_frame,,42.33943833333333,4689582.113197394,-71.09092333333334,327754.42423836025,23.1,19,T
1695743539.5496564,385,57140,0,GPS_frame,,42.33945000000001,4689583.391811066,-71.090915,327755.14260471234,23.3,19,T
1695743540.50997,386,57141,0,GPS_frame,,42.339461666666665,4689584.667048558,-71.090905,327755.998272778,23.5,19,T
1695743541.5132718,387,57142,0,GPS_frame,,42.33947,4689585.568768485,-71.09089333333333,327756.9821407816,23.5,19,T
1695743542.5101614,388,57143,0,GPS_frame,,42.33948,4689586.658935471,-71.09088333333334,327757.8332574358,23.7,19,T
1695743543.5108764,389,57144,0,GPS_frame,,42.33948999999999,4689587.745726361,-71.09087166666667,327758.8216757367,23.8,19,T
1695743544.507529,390,57145,0,GPS_frame,,42.33950333333334,4689589.206034993,-71.09086166666665,327759.68189343077,24.1,19,T
1695743545.5115426,391,57146,0,GPS_frame,,42.339515,4689590.481273004,-71.09085166666667,327760.5375600159,24.4,19,T
1695743546.5134277,392,57147,0,GPS_frame,,42.33952666666667,4689591.753134972,-71.09084,327761.53052812384,25.2,19,T
1695743547.5500386,393,57148,0,GPS_frame,,42.339529999999996,4689592.089515126,-71.09082333333335,327762.91264774714,25.5,19,T
1695743548.5495284,394,57149,0,GPS_frame,,42.339531666666666,4689592.244200922,-71.09080833333334,327764.15291475056,25.6,19,T
1695743549.5101147,395,57150,0,GPS_frame,,42.339533333333335,4689592.398886934,-71.09079333333334,327765.3931816835,25.8,19,T
1695743550.5502102,396,57151,0,GPS_frame,,42.339541666666676,4689593.297232077,-71.09078,327766.5143491925,26.1,19,T
1695743551.5533454,397,57152,0,GPS_frame,,42.339545,4689593.64036524,-71.09076666666667,327767.6218646645,26.1,19,T
1695743552.5506668,398,57153,0,GPS_frame,,42.33954833333334,4689593.9868745785,-71.090755,327768.592078247,26.0,19,T
1695743553.5112813,399,57154,0,GPS_frame,,42.339551666666665,4689594.333384048,-71.09074333333334,327769.56229172554,25.9,19,T
1695743554.5109591,400,57155,0,GPS_frame,,42.339556666666674,4689594.864964368,-71.09073166666667,327770.5370556115,25.9,19,T
1695743555.5126991,401,57156,0,GPS_frame,,42.33956499999999,4689595.773438153,-71.09072333333333,327771.2463168368,25.7,19,T
1695743556.5121868,402,57157,0,GPS_frame,,42.33956833333333,4689596.11994798,-71.09071166666666,327772.2165299265,25.4,19,T
1695743557.5105982,403,57158,0,GPS_frame,,42.33956666666666,4689595.9044939615,-71.09069666666666,327773.4476950624,25.0,19,T
1695743558.51021,404,57159,0,GPS_frame,,42.33955833333333,4689594.948757292,-71.09068166666665,327774.66065867303,24.0,19,T
1695743559.5034873,405,57160,0,GPS_frame,,42.339549999999996,4689593.989644984,-71.090665,327776.01092437754,23.1,19,T
1695743560.510738,406,57161,0,GPS_frame,,42.33954833333334,4689593.774191647,-71.09065000000001,327777.24208997283,22.9,19,T
1695743561.514113,407,57162,0,GPS_frame,,42.33954333333333,4689593.188597097,-71.090635,327778.46415504394,22.4,19,T
1695743562.5127175,408,57163,0,GPS_frame,,42.339545,4689593.346661415,-71.09062166666666,327779.5671195815,22.3,19,T
1695743563.5122082,409,57164,0,GPS_frame,,42.339545,4689593.323030959,-71.09061,327780.52823204186,22.0,19,T
1695743564.5173228,410,57165,0,GPS_frame,,42.339545,4689593.299400635,-71.09059833333335,327781.4893444993,21.8,19,T
1695743565.512301,411,57166,0,GPS_frame,,42.33953666666666,4689592.343665408,-71.09058333333334,327782.70230960613,21.0,19,T
1695743566.5108702,412,57167,0,GPS_frame,,42.33953666666666,4689592.320035386,-71.09057166666666,327783.66342219134,20.9,19,T
1695743567.5107133,413,57168,0,GPS_frame,,42.33953666666666,4689592.296405496,-71.09056000000001,327784.62453477585,20.7,19,T
1695743568.509625,414,57169,0,GPS_frame,,42.339541666666676,4689592.827987883,-71.09054833333333,327785.5992976777,20.6,19,T
1695743569.5134504,415,57170,0,GPS_frame,,42.33954333333333,4689592.986053323,-71.090535,327786.70226204547,20.2,19,T
1695743570.511088,416,57171,0,GPS_frame,,42.339541666666676,4689592.770601877,-71.09052,327787.93342804984,19.8,19,T
1695743571.5036688,417,57172,0,GPS_frame,,42.33953833333333,4689592.363328743,-71.09050166666665,327789.4346476925,19.5,19,T
1695743572.548985,418,57173,0,GPS_frame,,42.33953499999999,4689591.956055933,-71.09048333333334,327790.9358674896,19.2,19,T
1695743573.5126407,419,57174,0,GPS_frame,,42.33953666666666,4689592.107371132,-71.09046666666667,327792.3134354235,19.1,19,T
1695743574.5146918,420,57175,0,GPS_frame,,42.33954000000001,4689592.447132826,-71.09045166666667,327793.5582513866,18.9,19,T
1695743575.51001,421,57176,0,GPS_frame,,42.339541666666676,4689592.598448533,-71.090435,327794.9358191425,18.8,19,T
1695743576.5494006,422,57177,0,GPS_frame,,42.339545,4689592.938210685,-71.09042,327796.180634866,18.6,19,T
1695743577.5496306,423,57178,0,GPS_frame,,42.33954833333334,4689593.277973055,-71.09040499999999,327797.4254504603,18.4,19,T
1695743578.5420885,424,57179,0,GPS_frame,,42.339555000000004,4689593.994627904,-71.09039333333334,327798.40476193273,18.3,19,T
1695743579.5136929,425,57180,0,GPS_frame,,42.33956499999999,4689595.084799713,-71.09038333333334,327799.2558709618,18.2,19,T
1695743580.5113053,426,57181,0,GPS_frame,,42.339578333333336,4689596.548488441,-71.090375,327799.9787774838,18.3,19,T
1695743581.5512166,427,57182,0,GPS_frame,,42.33958833333333,4689597.638660428,-71.090365,327800.8298859775,18.4,19,T
1695743582.5118828,428,57183,0,GPS_frame,,42.339596666666665,4689598.543761803,-71.090355,327801.6764445247,18.4,19,T
1695743583.512282,429,57184,0,GPS_frame,,42.33960833333334,4689599.8223800445,-71.09034666666666,327802.3948005582,18.2,19,T
1695743584.5118213,430,57185,0,GPS_frame,,42.339615,4689600.542410881,-71.09033666666666,327803.2368090006,18.1,19,T
1695743585.5511644,431,57186,0,GPS_frame,,42.33962499999999,4689601.629207931,-71.09032499999999,327804.22521813586,18.1,19,T
1695743586.511028,432,57187,0,GPS_frame,,42.339631666666676,4689602.345863687,-71.09031333333334,327805.2045277663,18.1,19,T
1695743587.5110674,433,57188,0,GPS_frame,,42.339635,4689602.692378141,-71.09030166666666,327806.1747380408,18.0,19,T
1695743588.5111644,434,57189,0,GPS_frame,,42.339639999999996,4689603.22058819,-71.09028833333333,327807.2867993348,18.1,19,T
1695743589.5539927,435,57190,0,GPS_frame,,42.339645000000004,4689603.752173643,-71.09027666666665,327808.26155889867,18.0,19,T
1695743590.508376,436,57191,0,GPS_frame,,42.33964833333333,4689604.0953132985,-71.09026333333333,327809.3690703593,18.1,19,T
1695743591.514378,437,57192,0,GPS_frame,,42.33965499999999,4689604.808594558,-71.09025,327810.4856806396,18.1,19,T
1695743592.5119417,438,57193,0,GPS_frame,,42.33966333333333,4689605.710321872,-71.09023833333335,327811.4695386044,18.1,19,T
1695743593.507751,439,57194,0,GPS_frame,,42.33967166666666,4689606.612049318,-71.09022666666667,327812.4533963201,18.1,19,T
1695743594.5117395,440,57195,0,GPS_frame,,42.33968,4689607.510401766,-71.09021333333334,327813.57455526624,18.3,19,T
1695743595.5136588,441,57196,0,GPS_frame,,42.339684999999996,4689608.031862742,-71.09019666666667,327814.9612181481,18.6,19,T
1695743596.5100753,442,57197,0,GPS_frame,,42.339688333333335,4689608.364878197,-71.09017833333334,327816.4806329608,18.7,19,T
1695743597.5517836,443,57198,0,GPS_frame,,42.339691666666674,4689608.708019124,-71.090165,327817.58814324293,18.7,19,T
1695743598.5106888,444,57199,0,GPS_frame,,42.339695,4689609.04778519,-71.09015,327818.83295485494,18.7,19,T
1695743599.555533,445,57200,0,GPS_frame,,42.339705,4689610.137959359,-71.09014,327819.6840589327,18.9,19,T
1695743600.5117855,446,57201,0,GPS_frame,,42.33971499999999,4689611.22475863,-71.09012833333333,327820.6724641606,19.0,19,T
1695743601.5512872,447,57202,0,GPS_frame,,42.33972333333333,4689612.1264873175,-71.09011666666667,327821.65631990635,19.0,19,T
1695743602.5509713,448,57203,0,GPS_frame,,42.339731666666665,4689613.0282161385,-71.090105,327822.6401754009,19.1,19,T
1695743603.551672,449,57204,0,GPS_frame,,42.33974166666667,4689614.1183907455,-71.090095,327823.49127842824,19.2,19,T
1695743604.5109992,450,57205,0,GPS_frame,,42.33975,4689615.016744889,-71.09008166666668,327824.61243474414,19.3,19,T
1695743605.511144,451,57206,0,GPS_frame,,42.339758333333336,4689615.921849007,-71.09007166666667,327825.45898814837,19.5,19,T
1695743606.509112,452,57207,0,GPS_frame,,42.33977,4689617.197094652,-71.09006166666667,327826.3146394696,19.6,19,T
1695743607.5108292,453,57208,0,GPS_frame,,42.339781666666674,4689618.472340396,-71.09005166666667,327827.17029049457,19.7,19,T
1695743608.509846,454,57209,0,GPS_frame,,42.33979666666667,4689620.124477383,-71.09004499999999,327827.76043681597,19.9,19,T
1695743609.5112517,455,57210,0,GPS_frame,,42.33980833333333,4689621.403098134,-71.09003666666668,327828.4787860509,20.1,19,T
1695743610.5118206,456,57211,0,GPS_frame,,42.33981833333334,4689622.489898579,-71.090025,327829.4671884006,20.6,19,T
1695743611.5122855,457,57212,0,GPS_frame,,42.339825000000005,4689623.203182912,-71.09001166666667,327830.58379368065,20.7,19,T
1695743612.5116296,458,57213,0,GPS_frame,,42.33983,4689623.731396701,-71.08999833333334,327831.6958498006,21.1,19,T
1695743613.511628,459,57214,0,GPS_frame,,42.339834999999994,4689624.2562358985,-71.08998333333334,327832.94520688674,21.4,19,T
1695743614.5109162,460,57215,0,GPS_frame,,42.33984166666667,4689624.969520771,-71.08997,327834.0618115204,21.6,19,T
1695743615.5132692,461,57216,0,GPS_frame,,42.33984999999999,4689625.864501814,-71.08995499999999,327835.32026587654,22.0,19,T
1695743616.5092618,462,57217,0,GPS_frame,,42.33985500000001,4689626.392716336,-71.08994166666666,327836.4323211912,22.3,19,T
1695743617.5102968,463,57218,0,GPS_frame,,42.33986333333334,4689627.291072462,-71.08992833333333,327837.5534738989,22.7,19,T
1695743618.510469,464,57219,0,GPS_frame,,42.339868333333335,4689627.815912676,-71.08991333333333,327838.8028298796,23.0,19,T
1695743619.5107448,465,57220,0,GPS_frame,,42.33987666666667,4689628.710894543,-71.08989833333334,327840.06128310086,23.3,19,T
1695743620.5103457,466,57221,0,GPS_frame,,42.33987833333334,4689628.862219162,-71.08988166666667,327841.4388422981,23.7,19,T
1695743621.5109856,467,57222,0,GPS_frame,,42.339885,4689629.5687561985,-71.08986499999999,327842.8300473655,24.0,19,T
1695743622.5093858,468,57223,0,GPS_frame,,42.33989166666667,4689630.282042595,-71.08985166666666,327843.94665010413,24.2,19,T
1695743623.5499322,469,57224,0,GPS_frame,,42.33989833333333,4689630.998703692,-71.08984000000001,327844.9259516089,24.4,19,T
1695743624.5115297,470,57225,0,GPS_frame,,42.33990833333334,4689632.085506357,-71.08982833333333,327845.91435005114,24.6,19,T
1695743625.5113552,471,57226,0,GPS_frame,,42.33991833333333,4689633.175683645,-71.08981833333334,327846.7654472316,24.9,19,T
1695743626.5179925,472,57227,0,GPS_frame,,42.33992666666666,4689634.074041361,-71.089805,327847.8865975137,25.1,19,T
1695743627.5513377,473,57228,0,GPS_frame,,42.33993166666667,4689634.602257815,-71.08979166666667,327848.9986505199,25.2,19,T
1695743628.5505085,474,57229,0,GPS_frame,,42.339935,4689634.9420292955,-71.08977666666667,327850.2434558177,25.3,19,T
1695743629.551579,475,57230,0,GPS_frame,,42.339938333333336,4689635.281800994,-71.08976166666666,327851.4882609801,25.6,19,T
1695743630.5110693,476,57231,0,GPS_frame,,42.33994333333333,4689635.806643626,-71.08974666666667,327852.7376144061,25.8,19,T
1695743631.5120406,477,57232,0,GPS_frame,,42.33995,4689636.519931549,-71.08973333333333,327853.85421511147,26.2,19,T
1695743632.5498157,478,57233,0,GPS_frame,,42.339958333333335,4689637.421664701,-71.08972166666668,327854.83806305064,26.3,19,T
1695743633.511524,479,57234,0,GPS_frame,,42.33996666666667,4689638.320023664,-71.08970833333333,327855.9592115916,26.5,19,T
1695743634.5106192,480,57235,0,GPS_frame,,42.339975,4689639.221757097,-71.08969666666667,327856.9430590101,26.7,19,T
1695743635.513939,481,57236,0,GPS_frame,,42.33998,4689639.7499749465,-71.08968333333334,327858.05511047336,26.9,19,T
1695743636.5505245,482,57237,0,GPS_frame,,42.33998499999999,4689640.274818716,-71.08966833333334,327859.30446257547,26.9,19,T
1695743637.5112617,483,57238,0,GPS_frame,,42.339975,4689639.127277795,-71.08964999999999,327860.7874824001,25.5,19,T
1695743638.5106277,484,57239,0,GPS_frame,,42.33996833333334,4689638.353252834,-71.08963333333332,327862.1422981494,24.4,19,T
1695743639.5516562,485,57240,0,GPS_frame,,42.339961666666674,4689637.575853975,-71.08961500000001,327863.6344150555,23.4,19,T
1695743640.5147378,486,57241,0,GPS_frame,,42.339956666666666,4689636.990274438,-71.0896,327864.856478599,22.5,19,T
1695743641.504141,487,57242,0,GPS_frame,,42.339954999999996,4689636.771462436,-71.08958333333334,327866.22493930534,21.7,19,T
1695743642.5104291,488,57243,0,GPS_frame,,42.33995333333334,4689636.5560247945,-71.08956833333333,327867.4560992043,21.3,19,T
1695743643.5107493,489,57244,0,GPS_frame,,42.33995333333334,4689636.525658087,-71.08955333333333,327868.6918071379,20.7,19,T
1695743644.5112536,490,57245,0,GPS_frame,,42.33995333333334,4689636.491917555,-71.08953666666666,327870.06481595314,20.2,19,T
1695743645.5115054,491,57246,0,GPS_frame,,42.339954999999996,4689636.646622022,-71.08952166666667,327871.3050717899,19.7,19,T
1695743646.5122175,492,57247,0,GPS_frame,,42.33995333333334,4689636.434559271,-71.08950833333333,327872.39893093624,19.1,19,T
1695743647.5517082,493,57248,0,GPS_frame,,42.339954999999996,4689636.58926415,-71.08949333333334,327873.63918670925,18.7,19,T
1695743648.5118358,494,57249,0,GPS_frame,,42.339956666666666,4689636.747343195,-71.08948000000001,327874.74214154517,18.4,19,T
1695743649.5528605,495,57250,0,GPS_frame,,42.339958333333335,4689636.905422411,-71.08946666666667,327875.84509632015,18.2,19,T
1695743650.5109682,496,57251,0,GPS_frame,,42.339960000000005,4689637.0635017995,-71.08945333333332,327876.94805103634,18.0,19,T
1695743651.5511599,497,57252,0,GPS_frame,,42.33996333333333,4689637.406652074,-71.08944,327878.0555534241,17.8,19,T
1695743652.5508447,498,57253,0,GPS_frame,,42.33996666666667,4689637.746428662,-71.08942499999999,327879.300356544,17.7,19,T
1695743653.550493,499,57254,0,GPS_frame,,42.33997166666666,4689638.278023854,-71.08941333333334,327880.2751055171,17.6,19,T
1695743654.5099998,500,57255,0,GPS_frame,,42.33997666666667,4689638.806245361,-71.0894,327881.38715516916,17.5,19,T
1695743655.5121503,501,57256,0,GPS_frame,,42.339983333333336,4689639.5229115505,-71.08938833333333,327882.36645144515,17.5,19,T
1695743656.511409,502,57257,0,GPS_frame,,42.33998833333333,4689640.05450716,-71.08937666666667,327883.3411999246,17.4,19,T
1695743657.512037,503,57258,0,GPS_frame,,42.33999666666667,4689640.952870567,-71.08936333333332,327884.4623441769,17.9,19,T
1695743658.5116465,504,57259,0,GPS_frame,,42.340003333333335,4689641.6661634315,-71.08935,327885.5789406033,17.8,19,T
1695743659.5153325,505,57260,0,GPS_frame,,42.34000833333333,4689642.194385753,-71.08933666666667,327886.6909892915,17.7,19,T
1695743660.5123365,506,57261,0,GPS_frame,,42.34001333333334,4689642.722608248,-71.08932333333334,327887.80303780583,17.6,19,T
1695743661.5112,507,57262,0,GPS_frame,,42.34001833333333,4689643.250830914,-71.08931,327888.9150861484,17.5,19,T
1695743662.5103502,508,57263,0,GPS_frame,,42.340025,4689643.96749812,-71.08929833333333,327889.894381014,17.4,19,T
1695743663.514313,509,57264,0,GPS_frame,,42.34002999999999,4689644.495721107,-71.089285,327891.006428987,17.4,19,T
1695743664.5110662,510,57265,0,GPS_frame,,42.34003333333333,4689644.838873554,-71.08927166666668,327892.11392942246,17.4,19,T
1695743665.5117772,511,57266,0,GPS_frame,,42.34003500000001,4689644.996955458,-71.08925833333333,327893.21688240033,17.4,19,T
1695743666.5112617,512,57267,0,GPS_frame,,42.34002666666667,4689644.0479868185,-71.08924666666667,327894.15525074315,16.9,19,T
1695743667.5116642,513,57268,0,GPS_frame,,42.34001833333333,4689643.109138984,-71.08924,327894.68171712937,16.8,19,T
1695743668.5108194,514,57269,0,GPS_frame,,42.34001333333334,4689642.543806172,-71.08923499999999,327895.07997748593,16.8,19,T
1695743669.5117872,515,57270,0,GPS_frame,,42.34001333333334,4689642.543806172,-71.08923499999999,327895.07997748593,16.7,19,T
1695743670.5107648,516,57271,0,GPS_frame,,42.34001333333334,4689642.547179726,-71.08923666666666,327894.9426767364,16.7,19,T
1695743671.5045047,517,57272,0,GPS_frame,,42.34001333333334,4689642.547179726,-71.08923666666666,327894.9426767364,16.7,19,T
1695743672.5031803,518,57273,0,GPS_frame,,42.34001333333334,4689642.547179726,-71.08923666666666,327894.9426767364,16.7,19,T
1695743673.5123153,519,57274,0,GPS_frame,,42.34001333333334,4689642.547179726,-71.08923666666666,327894.9426767364,16.7,19,T
