Time,header.seq,header.stamp.secs,header.stamp.nsecs,header.frame_id,Latitude,Longitude,Altitude,UTM_Easting,UTM_Northing,Zone,Letter
1698708195.2410455,1,1698708195,239161491,GPS1_Frame,42.272125,-71.0283,13.9,332735.2243922299,4681982.584737341,19,T
1698708196.2408247,2,1698708196,239091634,GPS1_Frame,42.272125,-71.0283,13.9,332735.2243922299,4681982.584737341,19,T
1698708197.2407646,3,1698708197,239491939,GPS1_Frame,42.272125,-71.0283,13.9,332735.2243922299,4681982.584737341,19,T
1698708198.2422261,4,1698708198,240782737,GPS1_Frame,42.272125,-71.0283,13.9,332735.2243922299,4681982.584737341,19,T
1698708199.2427678,5,1698708199,241306543,GPS1_Frame,42.272125,-71.0283,13.9,332735.2243922299,4681982.584737341,19,T
1698708200.242278,6,1698708200,239945888,GPS1_Frame,42.272125,-71.0283,13.9,332735.2243922299,4681982.584737341,19,T
1698708201.2422347,7,1698708201,240979671,GPS1_Frame,42.272125,-71.0283,13.9,332735.2243922299,4681982.584737341,19,T
1698708202.2413793,8,1698708202,239830732,GPS1_Frame,42.272125,-71.0283,13.9,332735.2243922299,4681982.584737341,19,T
1698708203.2417197,9,1698708203,239692449,GPS1_Frame,42.272125,-71.0283,13.9,332735.2243922299,4681982.584737341,19,T
1698708204.2383897,10,1698708204,238070487,GPS1_Frame,42.272125,-71.0283,13.9,332735.2243922299,4681982.584737341,19,T
1698708205.24376,11,1698708205,241677761,GPS1_Frame,42.272125,-71.0283,13.9,332735.2243922299,4681982.584737341,19,T
1698708206.2416644,12,1698708206,240099906,GPS1_Frame,42.272125,-71.02830166666666,13.8,332735.0869441767,4681982.588011665,19,T
1698708207.242699,13,1698708207,240527868,GPS1_Frame,42.272119999999994,-71.02831166666667,13.6,332734.24902953993,4681982.052453298,19,T
1698708208.2425745,14,1698708208,240654706,GPS1_Frame,42.272106666666666,-71.02833333333334,13.5,332732.426934165,4681980.614474984,19,T
1698708209.2407107,15,1698708209,239595174,GPS1_Frame,42.27208833333334,-71.02836333333333,13.4,332729.90437078965,4681978.637664844,19,T
1698708210.2411764,16,1698708210,240390539,GPS1_Frame,42.272063333333335,-71.02839333333333,13.3,332727.36417023523,4681975.920583085,19,T
1698708211.2430155,17,1698708211,240901470,GPS1_Frame,42.272035,-71.02842000000001,13.2,332725.09004625096,4681972.826816915,19,T
1698708212.2411854,18,1698708212,239469051,GPS1_Frame,42.27200333333334,-71.02843833333333,13.2,332723.4943438444,4681969.346542433,19,T
1698708213.2416596,19,1698708213,240245580,GPS1_Frame,42.27196833333334,-71.02844166666667,13.2,332723.1268574176,4681965.466660982,19,T
1698708214.2422223,20,1698708214,240751028,GPS1_Frame,42.271935,-71.02843,13.1,332724.0008160257,4681961.742376789,19,T
1698708215.2424088,21,1698708215,240139722,GPS1_Frame,42.27190333333333,-71.02840666666665,13.0,332725.8413244606,4681958.180239352,19,T
1698708216.2422535,22,1698708216,240239381,GPS1_Frame,42.27187333333333,-71.02837666666666,13.0,332728.23603819014,4681954.7900727885,19,T
1698708217.2437718,23,1698708217,241514205,GPS1_Frame,42.271845,-71.028345,12.9,332730.7726117944,4681951.5817008475,19,T
1698708218.2424173,24,1698708218,240411996,GPS1_Frame,42.27181666666667,-71.028315,12.9,332733.1717390533,4681948.376604249,19,T
1698708219.241498,25,1698708219,239514827,GPS1_Frame,42.271791666666665,-71.02828666666666,12.8,332735.4422371448,4681945.544919069,19,T
1698708220.2734292,26,1698708220,271949529,GPS1_Frame,42.27177,-71.02825833333333,12.7,332737.72155435337,4681943.0833709175,19,T
1698708221.2415383,27,1698708221,239566564,GPS1_Frame,42.271750000000004,-71.02822833333333,12.7,332740.142730614,4681940.803617464,19,T
1698708222.2426894,28,1698708222,240966081,GPS1_Frame,42.27173833333333,-71.02819166666667,12.7,332743.13574647193,4681939.436108861,19,T
1698708223.3031938,29,1698708223,302117824,GPS1_Frame,42.27174,-71.02815166666666,12.6,332746.43892837083,4681939.542598292,19,T
1698708224.242036,30,1698708224,240047216,GPS1_Frame,42.271750000000004,-71.02811333333334,12.6,332749.6267027103,4681940.577703845,19,T
1698708225.2427318,31,1698708225,240793228,GPS1_Frame,42.271765,-71.02807833333333,12.6,332752.55280303466,4681942.174563069,19,T
1698708226.2419047,32,1698708226,240228414,GPS1_Frame,42.27178333333333,-71.028045,12.6,332755.3502695015,4681944.144833604,19,T
1698708227.2416809,33,1698708227,239616394,GPS1_Frame,42.27180166666667,-71.02801500000001,12.6,332757.8728368697,4681946.121652931,19,T
1698708228.2736666,34,1698708228,271382808,GPS1_Frame,42.27182,-71.02798333333334,12.4,332760.53285153303,4681948.095199316,19,T
1698708229.2427125,35,1698708229,240777969,GPS1_Frame,42.271838333333335,-71.02795333333333,12.3,332763.0554160167,4681950.072020429,19,T
1698708230.2414014,36,1698708230,239356756,GPS1_Frame,42.27186166666667,-71.02791833333335,12.2,332766.0035486468,4681952.594225629,19,T
1698708231.2410865,37,1698708231,239643812,GPS1_Frame,42.27189166666667,-71.02788833333334,12.2,332768.55696474656,4681955.866525418,19,T
1698708232.2410457,38,1698708232,239150047,GPS1_Frame,42.271924999999996,-71.027875,12.1,332769.74470918626,4681959.541698517,19,T
1698708233.2417667,39,1698708233,239618539,GPS1_Frame,42.27196000000001,-71.02788000000001,12.0,332769.4249277636,4681963.437949825,19,T
1698708234.2420459,40,1698708234,239763975,GPS1_Frame,42.27199166666666,-71.02790166666666,11.9,332767.7218477797,4681966.996801594,19,T
1698708235.2420726,41,1698708235,240367650,GPS1_Frame,42.272025,-71.02793166666667,11.8,332765.33593619574,4681970.757090566,19,T
1698708236.2418516,42,1698708236,240036010,GPS1_Frame,42.272059999999996,-71.02796333333335,11.8,332762.81698707596,4681974.705722335,19,T
1698708237.2411556,43,1698708237,239584684,GPS1_Frame,42.27209166666667,-71.02799333333334,11.6,332760.42667289014,4681978.280945046,19,T
1698708238.241121,44,1698708238,239724397,GPS1_Frame,42.272119999999994,-71.02802166666667,11.6,332758.16499301593,4681981.482758543,19,T
1698708239.2407613,45,1698708239,239638805,GPS1_Frame,42.272145,-71.028045,11.6,332756.3068429084,4681984.304614853,19,T
1698708240.2415197,46,1698708240,239364147,GPS1_Frame,42.272166666666664,-71.028065,11.7,332754.71477379964,4681986.74978757,19,T
1698708241.2427409,47,1698708241,241104841,GPS1_Frame,42.27218333333334,-71.02808,11.7,332753.5218247913,4681988.629934402,19,T
1698708242.2417274,48,1698708242,240068435,GPS1_Frame,42.272194999999996,-71.02809166666665,11.8,332752.5905473524,4681989.94832911,19,T
1698708243.2412477,49,1698708243,239505767,GPS1_Frame,42.272205,-71.02810333333333,11.8,332751.654861951,4681991.081655831,19,T
1698708244.2411354,50,1698708244,239719867,GPS1_Frame,42.272211666666664,-71.02812166666666,11.9,332750.16056870786,4681991.85794256,19,T
1698708245.2733617,51,1698708245,271988630,GPS1_Frame,42.27221333333333,-71.02814666666667,11.9,332748.1032591271,4681992.092121529,19,T
1698708246.2410505,52,1698708246,239770174,GPS1_Frame,42.272205,-71.02817833333333,11.9,332745.46970731753,4681991.228988846,19,T
1698708247.2412922,53,1698708247,240095853,GPS1_Frame,42.27218833333333,-71.028205,11.8,332743.2264558137,4681989.430693983,19,T
1698708248.241791,54,1698708248,239663600,GPS1_Frame,42.272166666666664,-71.02823,11.8,332741.10742533836,4681987.073921226,19,T
1698708249.2425823,55,1698708249,240626573,GPS1_Frame,42.27214333333333,-71.02826,11.7,332738.57164077566,4681984.5419037165,19,T
1698708250.243029,56,1698708250,240571737,GPS1_Frame,42.27212166666666,-71.02829333333334,11.7,332735.7653670027,4681982.201503821,19,T
1698708251.2425888,57,1698708251,240177392,GPS1_Frame,42.27210166666667,-71.02833166666666,11.6,332732.55115583853,4681980.055996237,19,T
1698708252.242735,58,1698708252,240818977,GPS1_Frame,42.27208,-71.02837,11.6,332729.33253379643,4681977.725421949,19,T
1698708253.3039026,59,1698708253,302405834,GPS1_Frame,42.272055,-71.02840666666665,11.6,332726.2425398697,4681975.021438342,19,T
1698708254.2433918,60,1698708254,240864038,GPS1_Frame,42.27202833333334,-71.02843666666666,11.5,332723.69792760175,4681972.119289721,19,T
1698708255.2428193,61,1698708255,240573167,GPS1_Frame,42.27199666666667,-71.02845166666665,11.6,332722.3771210276,4681968.632466396,19,T
1698708256.2422113,62,1698708256,240089416,GPS1_Frame,42.27196166666666,-71.02845166666665,11.7,332722.2845308002,4681964.746035849,19,T
1698708257.2409813,63,1698708257,239571809,GPS1_Frame,42.271930000000005,-71.02843333333334,11.6,332723.71269204037,4681961.193721498,19,T
1698708258.2422545,64,1698708258,239864826,GPS1_Frame,42.2719,-71.02840666666665,11.5,332725.8325065528,4681957.810103116,19,T
1698708259.241953,65,1698708259,240539073,GPS1_Frame,42.27187166666666,-71.02837833333334,11.5,332728.0941806948,4681954.608279118,19,T
1698708260.2421806,66,1698708260,240630626,GPS1_Frame,42.271845,-71.02835,11.5,332730.36026579764,4681951.591524038,19,T
1698708261.2416995,67,1698708261,240513563,GPS1_Frame,42.27182,-71.02832166666667,11.4,332732.6307616676,4681948.759837877,19,T
1698708262.2412739,68,1698708262,239660739,GPS1_Frame,42.271795000000004,-71.02829333333334,11.4,332734.90125941497,4681945.928152512,19,T
1698708263.2421615,69,1698708263,240612506,GPS1_Frame,42.27177166666667,-71.02826833333333,11.4,332736.9012700267,4681943.288084591,19,T
1698708264.2422373,70,1698708264,240579843,GPS1_Frame,42.271755,-71.028245,11.4,332738.7814676651,4681941.391563971,19,T
1698708265.2433887,71,1698708265,241780042,GPS1_Frame,42.27174333333334,-71.02821999999999,11.4,332740.8123408307,4681940.046974034,19,T
1698708266.2419376,72,1698708266,240501642,GPS1_Frame,42.27173666666666,-71.02819166666667,11.3,332743.1313379997,4681939.25104075,19,T
1698708267.2428617,73,1698708267,240680932,GPS1_Frame,42.27173833333333,-71.02816166666666,11.3,332745.6098266089,4681939.377174706,19,T
1698708268.2414496,74,1698708268,240267276,GPS1_Frame,42.271744999999996,-71.02813666666665,11.3,332747.68919346307,4681940.068336019,19,T
1698708269.2423892,75,1698708269,240890979,GPS1_Frame,42.27175333333333,-71.02811666666666,11.3,332749.3606215912,4681940.954388107,19,T
1698708270.2421367,76,1698708270,240591764,GPS1_Frame,42.27176666666666,-71.02809666666667,11.3,332751.045274087,4681942.395644913,19,T
1698708271.2737386,77,1698708271,272592544,GPS1_Frame,42.27178333333333,-71.02807,11.3,332753.2885375386,4681944.19394252,19,T
1698708272.2419484,78,1698708272,240497112,GPS1_Frame,42.27180499999999,-71.02803333333333,11.2,332756.369716806,4681946.527801767,19,T
1698708273.2427986,79,1698708273,241275787,GPS1_Frame,42.27182500000001,-71.02799333333334,11.2,332759.7213833744,4681948.670046549,19,T
1698708274.2721841,80,1698708274,270810127,GPS1_Frame,42.27184666666667,-71.02795333333333,11.2,332763.0774558296,4681950.99736099,19,T
1698708275.2423258,81,1698708275,239877462,GPS1_Frame,42.27186833333334,-71.02792,11.2,332765.88373159163,4681953.337771783,19,T
1698708276.2430222,82,1698708276,241215229,GPS1_Frame,42.27189333333334,-71.02789333333334,11.2,332768.14902690187,4681956.06141451,19,T
1698708277.2434347,83,1698708277,241093873,GPS1_Frame,42.27192166666667,-71.02788000000001,11.2,332769.32354810135,4681959.181383206,19,T
1698708278.2425106,84,1698708278,240702390,GPS1_Frame,42.27195,-71.02788000000001,11.2,332769.3984808879,4681962.327541138,19,T
1698708279.2431924,85,1698708279,240693330,GPS1_Frame,42.27198,-71.02789333333334,11.2,332768.37823458476,4681965.684956432,19,T
1698708280.2430477,86,1698708280,240781784,GPS1_Frame,42.27200833333333,-71.027915,11.2,332766.66633996187,4681968.873672266,19,T
1698708281.2424526,87,1698708281,240786075,GPS1_Frame,42.27203833333333,-71.02794333333333,11.1,332764.40906195564,4681972.2605516575,19,T
1698708282.2421532,88,1698708282,240389108,GPS1_Frame,42.272065000000005,-71.02797166666666,11.1,332762.14297016757,4681975.277295618,19,T
1698708283.2750328,89,1698708283,273628473,GPS1_Frame,42.27209166666667,-71.02799833333333,11.1,332760.014328512,4681978.29076654,19,T
1698708284.243053,90,1698708284,240586996,GPS1_Frame,42.27211833333334,-71.02802166666667,11.1,332758.1605848811,4681981.297690422,19,T
1698708285.2415884,91,1698708285,240128040,GPS1_Frame,42.27214333333333,-71.028045,11.1,332756.3024347207,4681984.119546732,19,T
1698708286.241706,92,1698708286,239747762,GPS1_Frame,42.27216333333334,-71.028065,11.1,332754.70595733356,4681986.379651326,19,T
1698708287.2410467,93,1698708287,239665746,GPS1_Frame,42.272176666666674,-71.02807833333333,11.2,332753.64163966675,4681987.886387943,19,T
1698708288.2411413,94,1698708288,239246368,GPS1_Frame,42.27218333333334,-71.02808499999999,11.2,332753.10948100936,4681988.639756319,19,T
1698708289.2429025,95,1698708289,241464853,GPS1_Frame,42.27218666666666,-71.02809,11.2,332752.70595380553,4681989.019714506,19,T
1698708290.2415752,96,1698708290,239694356,GPS1_Frame,42.27219333333334,-71.02809666666667,11.3,332752.1737953398,4681989.773082962,19,T
1698708291.2422934,97,1698708291,240844964,GPS1_Frame,42.27220166666666,-71.02811333333334,11.3,332750.8213579858,4681990.7311636675,19,T
1698708292.2427104,98,1698708292,240364551,GPS1_Frame,42.272205,-71.02814333333335,11.3,332748.3561128146,4681991.16023276,19,T
1698708293.243498,99,1698708293,241190671,GPS1_Frame,42.272196666666666,-71.02817666666667,11.3,332745.5851128026,4681990.300374096,19,T
1698708294.2420626,100,1698708294,240856885,GPS1_Frame,42.27217833333334,-71.02821333333333,11.3,332742.5127648817,4681988.336656123,19,T
1698708295.2437036,101,1698708295,242127895,GPS1_Frame,42.272153333333335,-71.02825333333334,11.3,332739.1478846884,4681985.639215446,19,T
1698708296.2422938,102,1698708296,240873575,GPS1_Frame,42.27212833333333,-71.028295,11.3,332735.6455538603,4681982.945050629,19,T
1698708297.2727926,103,1698708297,271999835,GPS1_Frame,42.272104999999996,-71.02833833333334,11.3,332732.0101810538,4681980.439230001,19,T
1698708298.2433698,104,1698708298,241764068,GPS1_Frame,42.27208,-71.02838166666668,11.3,332728.37039671326,4681977.748343067,19,T
1698708299.2417693,105,1698708299,240558862,GPS1_Frame,42.27205166666666,-71.02842000000001,11.3,332725.1341362012,4681974.677498141,19,T
1698708300.242871,106,1698708300,240318298,GPS1_Frame,42.27202166666666,-71.02844833333333,11.3,332722.71815350745,4681971.401939098,19,T
1698708301.2440884,107,1698708301,242146730,GPS1_Frame,42.27198666666666,-71.02845833333335,11.4,332721.800873234,4681967.535155954,19,T
1698708302.243161,108,1698708302,240805864,GPS1_Frame,42.27195166666667,-71.02844833333333,11.5,332722.53297333047,4681963.629077999,19,T
1698708303.2419157,109,1698708303,239977359,GPS1_Frame,42.27191500000001,-71.02842166666666,11.6,332724.63515051594,4681959.505186734,19,T
1698708304.2727132,110,1698708304,270584344,GPS1_Frame,42.271879999999996,-71.02838666666666,11.8,332727.4289821979,4681955.549991975,19,T
1698708305.2442832,111,1698708305,242002487,GPS1_Frame,42.27184666666667,-71.02835,11.8,332730.3646746236,4681951.776592157,19,T
1698708306.2424095,112,1698708306,240789413,GPS1_Frame,42.271815,-71.02831666666665,11.7,332733.0298815762,4681948.194810478,19,T
1698708307.2430117,113,1698708307,241588115,GPS1_Frame,42.271785,-71.02828333333333,11.8,332735.69950000197,4681944.798098024,19,T
1698708308.2418413,114,1698708308,240962266,GPS1_Frame,42.27176166666666,-71.02825,11.8,332738.38675548666,4681942.141659124,19,T
1698708309.2430992,115,1698708309,241527318,GPS1_Frame,42.271744999999996,-71.02821333333333,11.8,332741.36654489476,4681940.218945406,19,T
1698708310.2434015,116,1698708310,241037607,GPS1_Frame,42.27174166666667,-71.02817,11.8,332744.93139897566,4681939.76368144,19,T
1698708311.2442865,117,1698708311,241396188,GPS1_Frame,42.271750000000004,-71.028125,11.8,332748.66456061596,4681940.600622034,19,T
1698708312.242685,118,1698708312,240525722,GPS1_Frame,42.27177166666667,-71.02808,11.8,332752.4329871231,4681942.918109476,19,T
1698708313.2740767,119,1698708313,272564172,GPS1_Frame,42.27179666666666,-71.028035,11.8,332756.2102273711,4681945.605735099,19,T
1698708314.2424467,120,1698708314,240419626,GPS1_Frame,42.27182333333334,-71.02799166666667,11.9,332759.85442403547,4681948.481704613,19,T
1698708315.2427926,121,1698708315,240769386,GPS1_Frame,42.27184833333334,-71.02794999999999,11.9,332763.35676110134,4681951.175881587,19,T
1698708316.2431011,122,1698708316,240827798,GPS1_Frame,42.27187000000001,-71.027915,11.9,332766.30048530694,4681953.513018788,19,T
1698708317.24181,123,1698708317,240138769,GPS1_Frame,42.27189166666667,-71.02788833333334,11.9,332768.55696474656,4681955.866525418,19,T
1698708318.2410398,124,1698708318,239820003,GPS1_Frame,42.27192,-71.02787333333335,11.9,332769.8689342852,4681958.983220546,19,T
1698708319.2418056,125,1698708319,240176439,GPS1_Frame,42.27195333333334,-71.02787666666667,11.9,332769.68219336536,4681962.691130089,19,T
1698708320.24157,126,1698708320,239571094,GPS1_Frame,42.27199166666666,-71.02789833333333,11.9,332767.99674446613,4681966.990254245,19,T
1698708321.2424388,127,1698708321,240389585,GPS1_Frame,42.27202833333334,-71.02793166666667,11.8,332765.34475205804,4681971.127226801,19,T
1698708322.2740083,128,1698708322,271657228,GPS1_Frame,42.272061666666666,-71.02796666666667,11.7,332762.5464986982,4681974.897338016,19,T
1698708323.2416139,129,1698708323,239661216,GPS1_Frame,42.27209666666666,-71.02800166666665,11.7,332759.75265652675,4681978.852518575,19,T
1698708324.2417135,130,1698708324,239601612,GPS1_Frame,42.27212833333333,-71.02803166666666,11.7,332757.3623454131,4681982.427742436,19,T
1698708325.2735507,131,1698708325,272058725,GPS1_Frame,42.27215666666666,-71.02805833333333,11.7,332755.2381163431,4681985.626283082,19,T
1698708326.2415814,132,1698708326,239729404,GPS1_Frame,42.27218,-71.02808166666667,11.7,332753.37556032324,4681988.263072126,19,T
1698708327.2451744,133,1698708327,241787910,GPS1_Frame,42.27220333333333,-71.02810500000001,11.8,332751.5130057479,4681990.899861715,19,T
1698708328.24199,134,1698708328,239868879,GPS1_Frame,42.27222666666667,-71.02813166666667,11.9,332749.37555695395,4681993.543199946,19,T
1698708329.2427092,135,1698708329,240775108,GPS1_Frame,42.27225,-71.02815833333334,12.0,332747.2381098066,4681996.1865388835,19,T
1698708330.2410076,136,1698708330,239662885,GPS1_Frame,42.27227666666666,-71.02818333333333,12.1,332745.2469290438,4681999.196740644,19,T
1698708331.2428808,137,1698708331,241121530,GPS1_Frame,42.272301666666664,-71.0282,12.1,332743.938579849,4682002.005504053,19,T
1698708332.24317,138,1698708332,240829944,GPS1_Frame,42.27232333333333,-71.02820666666666,12.2,332743.4461003663,4682004.424486394,19,T
1698708333.2413924,139,1698708333,240255117,GPS1_Frame,42.272344999999994,-71.02820166666667,12.2,332743.91575431987,4682006.820549553,19,T
1698708334.2412891,140,1698708334,239681720,GPS1_Frame,42.27237,-71.02818333333333,12.3,332745.4938052676,4682009.560555817,19,T
1698708335.2417583,141,1698708335,240031719,GPS1_Frame,42.272395,-71.02815166666666,12.4,332748.17143478687,4682012.274369631,19,T
1698708336.2409563,142,1698708336,239105701,GPS1_Frame,42.272421666666666,-71.02811333333334,12.4,332751.4032602784,4682015.160156427,19,T
1698708337.2429893,143,1698708337,240815639,GPS1_Frame,42.27244833333332,-71.02807666666666,12.5,332754.4976357822,4682018.049218609,19,T
1698708338.2416193,144,1698708338,239933967,GPS1_Frame,42.27247166666666,-71.02804166666667,12.6,332757.44574505,4682020.571419743,19,T
1698708339.240198,145,1698708339,239452123,GPS1_Frame,42.272495,-71.02800833333335,12.7,332760.2564049575,4682023.096895918,19,T
1698708340.2402582,146,1698708340,239136457,GPS1_Frame,42.272515000000006,-71.02798,12.8,332762.6459051119,4682025.262058325,19,T
1698708341.2404292,147,1698708341,239788532,GPS1_Frame,42.272528333333334,-71.02795666666665,12.8,332764.6054302035,4682026.696770293,19,T
1698708342.2409465,148,1698708342,239617347,GPS1_Frame,42.272536666666674,-71.02794333333333,12.9,332765.7270476074,4682027.595920852,19,T
1698708343.2740479,149,1698708343,272344827,GPS1_Frame,42.27254166666667,-71.027935,12.9,332766.42750734126,4682028.134756521,19,T
1698708344.2418115,150,1698708344,239739656,GPS1_Frame,42.27254500000001,-71.02793,12.9,332766.8486647238,4682028.495071583,19,T
1698708345.2426972,151,1698708345,240425825,GPS1_Frame,42.27255166666667,-71.02791833333335,13.0,332767.82842648355,4682029.212428065,19,T
1698708346.242097,152,1698708346,240614891,GPS1_Frame,42.272568333333325,-71.02789333333334,13.0,332769.9342122872,4682031.014004012,19,T
1698708347.240831,153,1698708347,239647388,GPS1_Frame,42.27259333333333,-71.02785666666666,13.1,332773.02416545426,4682033.718005879,19,T
1698708348.2745306,154,1698708348,271713018,GPS1_Frame,42.272626666666675,-71.02781666666667,13.2,332776.4110488704,4682037.340802607,19,T
1698708349.2422452,155,1698708349,240673780,GPS1_Frame,42.27266833333333,-71.027785,13.3,332779.1327327469,4682041.905309003,19,T
1698708350.2421877,156,1698708350,241059303,GPS1_Frame,42.27271833333332,-71.02776833333334,13.4,332780.63943042315,4682047.4246181855,19,T
1698708351.2394934,157,1698708351,238723516,GPS1_Frame,42.272771666666664,-71.02777166666667,13.4,332780.5055815185,4682053.35334547,19,T
1698708352.2435195,158,1698708352,241600513,GPS1_Frame,42.27283166666666,-71.02779833333334,13.4,332778.465112655,4682060.068174385,19,T
1698708353.241585,159,1698708353,239664793,GPS1_Frame,42.27289333333333,-71.02784666666666,13.4,332774.64225297654,4682067.0106287785,19,T
1698708354.2756195,160,1698708354,272568225,GPS1_Frame,42.27296166666667,-71.02790833333333,13.4,332769.73746312445,4682074.71954762,19,T
1698708355.2405202,161,1698708355,239343166,GPS1_Frame,42.27303333333332,-71.02797666666667,13.3,332764.29171638563,4682082.8117018,19,T
1698708356.2432497,162,1698708356,241075038,GPS1_Frame,42.273109999999996,-71.02804833333333,13.2,332758.5843156622,4682091.465612953,19,T
1698708357.2424612,163,1698708357,241076469,GPS1_Frame,42.27319000000001,-71.02812166666666,13.2,332752.7483007011,4682100.49293961,19,T
1698708358.242117,164,1698708358,240458726,GPS1_Frame,42.27327333333333,-71.02819166666667,13.1,332747.1960096909,4682109.883859647,19,T
1698708359.2409692,165,1698708359,239425897,GPS1_Frame,42.273356666666665,-71.02825833333333,12.9,332741.918624997,4682119.268236087,19,T
1698708360.2419033,166,1698708360,240665197,GPS1_Frame,42.27344,-71.02832666666667,12.8,332736.50380994525,4682128.655891408,19,T
1698708361.2429168,167,1698708361,241127967,GPS1_Frame,42.27351999999999,-71.02839666666667,12.8,332730.94274693925,4682137.676689612,19,T
1698708362.2430017,168,1698708362,240891933,GPS1_Frame,42.27359833333333,-71.02847166666668,13.0,332724.9649550732,4682146.522248425,19,T
1698708363.2422082,169,1698708363,240236282,GPS1_Frame,42.273675000000004,-71.02854833333335,13.2,332718.8453247338,4682155.186019441,19,T
1698708364.2446706,170,1698708364,242351770,GPS1_Frame,42.27375,-71.02862666666667,13.6,332712.58385590574,4682163.668003026,19,T
1698708365.2414503,171,1698708365,240228176,GPS1_Frame,42.273825,-71.028705,14.1,332706.3224026747,4682172.149992738,19,T
1698708366.2433963,172,1698708366,240847587,GPS1_Frame,42.273896666666666,-71.02878166666666,14.6,332700.18958935986,4682180.258577089,19,T
1698708367.242895,173,1698708367,241397142,GPS1_Frame,42.27396666666667,-71.02885833333333,15.3,332694.0523805097,4682188.182099115,19,T
1698708368.2425437,174,1698708368,240869283,GPS1_Frame,42.274035000000005,-71.02893166666667,15.9,332688.1856634198,4682195.914008076,19,T
1698708369.241241,175,1698708369,239815950,GPS1_Frame,42.27409833333333,-71.029,16.4,332682.7180596029,4682203.080891392,19,T
1698708370.2418396,176,1698708370,240371465,GPS1_Frame,42.274158333333325,-71.02906666666667,16.8,332677.37908973114,4682209.874367396,19,T
1698708371.2410088,177,1698708371,239718437,GPS1_Frame,42.27421833333333,-71.02913166666667,17.2,332672.1775739753,4682216.664572132,19,T
1698708372.2730572,178,1698708372,271241664,GPS1_Frame,42.27427666666667,-71.02919666666666,17.5,332666.97165769245,4682223.269712884,19,T
1698708373.2762666,179,1698708373,273689270,GPS1_Frame,42.27433166666666,-71.02925499999999,17.7,332662.3067024674,4682229.491617858,19,T
1698708374.2431612,180,1698708374,241528272,GPS1_Frame,42.27437833333333,-71.02930666666666,17.9,332658.1694727157,4682234.775081312,19,T
1698708375.2745519,181,1698708375,271778821,GPS1_Frame,42.27441833333334,-71.02935000000001,18.0,332654.7018197726,4682239.301894361,19,T
1698708376.2418153,182,1698708376,240418672,GPS1_Frame,42.274451666666664,-71.029385,18.1,332651.9037411676,4682243.072055928,19,T
1698708377.2431273,183,1698708377,240999221,GPS1_Frame,42.27447666666667,-71.02941166666666,18.2,332649.770823511,4682245.900496942,19,T
1698708378.2429497,184,1698708378,240649223,GPS1_Frame,42.27449166666667,-71.02942833333333,18.3,332648.4360965992,4682247.598872359,19,T
1698708379.244323,185,1698708379,241849422,GPS1_Frame,42.274496666666664,-71.02943499999999,18.3,332647.89955917164,4682248.167181681,19,T
1698708380.2419703,186,1698708380,240545511,GPS1_Frame,42.274498333333334,-71.02943666666667,18.3,332647.7665276816,4682248.355526071,19,T
1698708381.2425895,187,1698708381,240530490,GPS1_Frame,42.274498333333334,-71.02943499999999,18.3,332647.9039705845,4682248.352249886,19,T
1698708382.2422345,188,1698708382,240758895,GPS1_Frame,42.274498333333334,-71.02943499999999,18.3,332647.9039705845,4682248.352249886,19,T
1698708383.2420132,189,1698708383,240182876,GPS1_Frame,42.274498333333334,-71.02943499999999,18.3,332647.9039705845,4682248.352249886,19,T
1698708384.2422419,190,1698708384,240233659,GPS1_Frame,42.274498333333334,-71.02943499999999,18.3,332647.9039705845,4682248.352249886,19,T
1698708385.2429357,191,1698708385,241444349,GPS1_Frame,42.274498333333334,-71.02943499999999,18.3,332647.9039705845,4682248.352249886,19,T
1698708386.242156,192,1698708386,240115642,GPS1_Frame,42.274498333333334,-71.02943499999999,18.3,332647.9039705845,4682248.352249886,19,T
1698708387.2415793,193,1698708387,239624977,GPS1_Frame,42.274496666666664,-71.02943499999999,18.2,332647.89955917164,4682248.167181681,19,T
1698708388.241938,194,1698708388,239835023,GPS1_Frame,42.27450333333333,-71.02944166666666,18.1,332647.36743326194,4682248.920559251,19,T
1698708389.242119,195,1698708389,240218162,GPS1_Frame,42.274518333333326,-71.02946166666668,18.0,332645.7578218167,4682250.6254876135,19,T
1698708390.2425764,196,1698708390,240112066,GPS1_Frame,42.27453666666667,-71.02949333333332,18.0,332643.19493447256,4682252.723486667,19,T
1698708391.2421823,197,1698708391,240361452,GPS1_Frame,42.27454833333333,-71.029535,17.7,332639.7897454401,4682254.100871902,19,T
1698708392.2401414,198,1698708392,239052295,GPS1_Frame,42.27454833333333,-71.029585,17.4,332635.6664616234,4682254.199163483,19,T
1698708393.2416449,199,1698708393,240249156,GPS1_Frame,42.27453333333333,-71.02963833333334,17.1,332631.228585472,4682252.638396646,19,T
1698708394.242074,200,1698708394,239917039,GPS1_Frame,42.27450333333333,-71.02969166666666,16.7,332626.7509994814,4682249.412018698,19,T
1698708395.2405982,201,1698708395,239400386,GPS1_Frame,42.27446333333334,-71.02974333333333,16.4,332622.38437981356,4682245.0719575845,19,T
1698708396.2438219,202,1698708396,241246223,GPS1_Frame,42.27442333333333,-71.02979166666667,16.1,332618.29264095234,4682240.725345535,19,T
1698708397.2431917,203,1698708397,241777658,GPS1_Frame,42.274385,-71.02984166666667,16.0,332614.0678662496,4682236.567080795,19,T
1698708398.2743943,204,1698708398,272782087,GPS1_Frame,42.274346666666666,-71.02988833333333,15.8,332610.11797307665,4682232.402264643,19,T
1698708399.2430332,205,1698708399,241299629,GPS1_Frame,42.27430833333333,-71.02993333333333,15.6,332606.30551861576,4682228.234173616,19,T
1698708400.2425146,206,1698708400,240826368,GPS1_Frame,42.274275,-71.029975,15.3,332602.78118422837,4682224.614735055,19,T
1698708401.2446513,207,1698708401,243024110,GPS1_Frame,42.27424666666668,-71.03000833333334,15.1,332599.9573015034,4682221.5341172125,19,T
1698708402.2418582,208,1698708402,241103172,GPS1_Frame,42.274226666666664,-71.03003333333332,15.2,332597.84269738337,4682219.362455689,19,T
1698708403.276018,209,1698708403,273895025,GPS1_Frame,42.274215000000005,-71.030045,15.1,332596.84970388364,4682218.089918372,19,T
1698708404.273598,210,1698708404,272231817,GPS1_Frame,42.27421,-71.03005,15.2,332596.4241351326,4682217.544545275,19,T
1698708405.242022,211,1698708405,240756273,GPS1_Frame,42.27421,-71.03005166666667,15.2,332596.28669159935,4682217.54782245,19,T
1698708406.2432358,212,1698708406,241735696,GPS1_Frame,42.27421,-71.03005166666667,15.2,332596.28669159935,4682217.54782245,19,T
1698708407.2415392,213,1698708407,239781141,GPS1_Frame,42.27421,-71.03005166666667,15.2,332596.28669159935,4682217.54782245,19,T
1698708408.2392426,214,1698708408,237135171,GPS1_Frame,42.27421,-71.03005166666667,15.2,332596.28669159935,4682217.54782245,19,T
1698708409.2436733,215,1698708409,243078708,GPS1_Frame,42.274203333333325,-71.03005666666667,15.2,332595.85671003483,4682216.817381185,19,T
1698708410.242728,216,1698708410,241296529,GPS1_Frame,42.274185,-71.03007666666667,15.2,332594.1588468359,4682214.820957375,19,T
1698708411.2420237,217,1698708411,240604400,GPS1_Frame,42.274155,-71.03011166666667,15.1,332591.1931000401,4682211.558551894,19,T
1698708412.2433412,218,1698708412,241577625,GPS1_Frame,42.27411166666668,-71.03015666666667,15.0,332587.36738461914,4682206.835266021,19,T
1698708413.2433417,219,1698708413,241685152,GPS1_Frame,42.274058333333336,-71.03021333333332,14.9,332582.5530788739,4682201.024514907,19,T
1698708414.2428243,220,1698708414,241027355,GPS1_Frame,42.273999999999994,-71.03027833333334,14.8,332577.0383058394,4682194.674949989,19,T
1698708415.242895,221,1698708415,241245031,GPS1_Frame,42.273935,-71.03035,14.6,332570.95609315485,4682187.598226987,19,T
1698708416.2392805,222,1698708416,237664699,GPS1_Frame,42.27386333333334,-71.030425,14.9,332564.58132589026,4682179.787791736,19,T
1698708417.2379417,223,1698708417,236486434,GPS1_Frame,42.27378999999999,-71.0305,15.1,332558.2021311577,4682171.792293758,19,T
1698708418.2386453,224,1698708418,236718654,GPS1_Frame,42.27371166666667,-71.03057666666668,15.3,332551.67223621416,4682163.244874692,19,T
1698708419.2420273,225,1698708419,240042686,GPS1_Frame,42.273631666666674,-71.03066,15.6,332544.5881326958,4682154.525505746,19,T
1698708420.241785,226,1698708420,239697217,GPS1_Frame,42.27355333333333,-71.03074666666666,15.9,332537.23353630444,4682145.997768325,19,T
1698708421.2415547,227,1698708421,239541053,GPS1_Frame,42.273469999999996,-71.03083166666667,16.0,332530.00312451366,4682136.9115552,19,T
1698708422.2399192,228,1698708422,237814426,GPS1_Frame,42.27338666666666,-71.03091500000001,15.9,332522.910139883,4682127.82207054,19,T
1698708423.240988,229,1698708423,239212512,GPS1_Frame,42.2733,-71.03099666666667,15.7,332515.9457535393,4682118.359177573,19,T
1698708424.2729251,230,1698708424,271641492,GPS1_Frame,42.27321,-71.03107,15.4,332509.6597479022,4682108.5097606415,19,T
1698708425.2718058,231,1698708425,269538164,GPS1_Frame,42.27311666666666,-71.03113499999999,15.1,332504.052125007,4682098.273818,19,T
1698708426.2444842,232,1698708426,242629528,GPS1_Frame,42.273018333333326,-71.03119,14.9,332499.25591813563,4682087.463000911,19,T
1698708427.2430975,233,1698708427,241083145,GPS1_Frame,42.27291666666667,-71.03123833333333,14.6,332495.0006526223,4682076.268934151,19,T
1698708428.2401824,234,1698708428,239344358,GPS1_Frame,42.27281166666667,-71.031285,14.2,332490.8739907898,4682064.701454257,19,T
1698708429.2404382,235,1698708429,238889455,GPS1_Frame,42.272704999999995,-71.03133,14.1,332486.8803481502,4682052.945629193,19,T
1698708430.2411418,236,1698708430,239406585,GPS1_Frame,42.27259833333333,-71.03137833333334,13.9,332482.61179944605,4682041.1963648265,19,T
1698708431.2408898,237,1698708431,239703893,GPS1_Frame,42.272491666666674,-71.03142833333332,13.6,332478.20579057425,4682029.450382232,19,T
1698708432.2400084,238,1698708432,239041566,GPS1_Frame,42.27238333333333,-71.03148333333334,13.3,332473.3830101063,4682017.529172412,19,T
1698708433.276025,239,1698708433,273891210,GPS1_Frame,42.27227666666666,-71.03154166666667,13.2,332468.2897349622,4682005.79959293,19,T
1698708434.2415943,240,1698708434,239881753,GPS1_Frame,42.27217166666666,-71.03160666666666,13.2,332462.65106814064,4681994.268203666,19,T
1698708435.2410846,241,1698708435,239642858,GPS1_Frame,42.27207,-71.03167833333333,13.0,332456.4714233733,4681983.120074021,19,T
1698708436.2412217,242,1698708436,239840030,GPS1_Frame,42.271969999999996,-71.03175666666667,12.9,332449.7463826316,4681972.170137199,19,T
1698708437.2430108,243,1698708437,240901231,GPS1_Frame,42.271875,-71.03184166666666,12.8,332442.48477663926,4681961.788531008,19,T
1698708438.242999,244,1698708438,240958690,GPS1_Frame,42.27178333333333,-71.03192833333333,12.6,332435.09453436313,4681951.780348361,19,T
1698708439.2434063,245,1698708439,241332530,GPS1_Frame,42.27169166666666,-71.032015,12.6,332427.7042717413,4681941.77217303,19,T
1698708440.2401166,246,1698708440,238177537,GPS1_Frame,42.27160166666666,-71.03210333333332,12.5,332420.180956512,4681931.952353633,19,T
1698708441.2413678,247,1698708441,239263534,GPS1_Frame,42.27151166666666,-71.03219333333332,12.4,332412.52017148194,4681922.1358224405,19,T
1698708442.2409844,248,1698708442,239524126,GPS1_Frame,42.271420000000006,-71.03228166666666,12.3,332404.9923979563,4681912.130950234,19,T
1698708443.242583,249,1698708443,240081310,GPS1_Frame,42.27132833333334,-71.03236833333334,12.3,332397.6020535027,4681902.122804736,19,T
1698708444.242889,250,1698708444,240410089,GPS1_Frame,42.271235,-71.03245833333334,12.3,332389.932370945,4681891.93616047,19,T
1698708445.2437334,251,1698708445,241176605,GPS1_Frame,42.27114166666667,-71.03254666666666,12.4,332382.4001170952,4681881.746242923,19,T
1698708446.2391384,252,1698708446,237650394,GPS1_Frame,42.27105166666667,-71.032635,12.4,332374.8766782904,4681871.926469262,19,T
1698708447.242003,253,1698708447,240836620,GPS1_Frame,42.27096333333334,-71.03272333333332,12.4,332367.3576373701,4681862.291771335,19,T
1698708448.2426076,254,1698708448,240349531,GPS1_Frame,42.270875,-71.03281,12.5,332359.97602725413,4681852.653799403,19,T
1698708449.2719297,255,1698708449,270783185,GPS1_Frame,42.270786666666666,-71.032895,12.6,332352.7318485193,4681843.012553051,19,T
1698708450.2435832,256,1698708450,242331981,GPS1_Frame,42.270701666666675,-71.03297833333333,12.7,332345.6339393417,4681833.738168141,19,T
1698708451.2412915,257,1698708451,239945888,GPS1_Frame,42.270619999999994,-71.03306500000001,12.9,332338.26994720974,4681824.840490262,19,T
1698708452.2414932,258,1698708452,240203619,GPS1_Frame,42.27054,-71.03315500000001,13.2,332330.6354529784,4681816.134452115,19,T
1698708453.2427313,259,1698708453,240267038,GPS1_Frame,42.270463333333325,-71.03324500000001,13.4,332323.0097789529,4681807.7985580955,19,T
1698708454.2418804,260,1698708454,240218639,GPS1_Frame,42.27038833333333,-71.03333833333333,13.7,332315.1136029716,4681799.654304957,19,T
1698708455.2734747,261,1698708455,271369695,GPS1_Frame,42.270318333333336,-71.03343166666667,13.9,332307.2306682099,4681792.065264653,19,T
1698708456.241869,262,1698708456,240129709,GPS1_Frame,42.270251666666674,-71.03353,14.1,332298.9441999771,4681784.856217296,19,T
1698708457.2421997,263,1698708457,241093397,GPS1_Frame,42.27018833333333,-71.03363166666666,14.4,332290.39165051613,4681778.023881384,19,T
1698708458.2416177,264,1698708458,239968299,GPS1_Frame,42.27013,-71.03373666666667,14.7,332281.5774406889,4681771.753326028,19,T
1698708459.2421095,265,1698708459,240222215,GPS1_Frame,42.270071666666674,-71.03384166666666,15.2,332272.76321499515,4681765.482781337,19,T
1698708460.2439005,266,1698708460,240560054,GPS1_Frame,42.270014999999994,-71.03395,15.8,332263.67848888773,4681759.403882289,19,T
1698708461.2416317,267,1698708461,239904403,GPS1_Frame,42.269960000000005,-71.03405833333333,16.7,332254.5981679462,4681753.510062721,19,T
1698708462.2418053,268,1698708462,239708423,GPS1_Frame,42.26990166666666,-71.03416666666666,17.5,332245.5089889163,4681747.24611825,19,T
1698708463.3052487,269,1698708463,303279876,GPS1_Frame,42.269845000000004,-71.03427333333335,18.2,332236.5616681131,4681741.163969307,19,T
1698708464.2428215,270,1698708464,240942478,GPS1_Frame,42.26978666666667,-71.03437833333334,18.8,332227.7473630636,4681734.893479122,19,T
1698708465.243685,271,1698708465,240885734,GPS1_Frame,42.269728333333326,-71.03448499999999,19.4,332218.79558882525,4681728.626283892,19,T
1698708466.2415922,272,1698708466,240246295,GPS1_Frame,42.26967,-71.03459,19.9,332209.9812519069,4681722.35581521,19,T
1698708467.2419853,273,1698708467,239919900,GPS1_Frame,42.26961333333334,-71.03469833333334,20.4,332200.89641441073,4681716.276994579,19,T
1698708468.2421422,274,1698708468,240032434,GPS1_Frame,42.26955666666666,-71.03480666666665,20.8,332191.81156099867,4681710.198185297,19,T
1698708469.2422736,275,1698708469,240614652,GPS1_Frame,42.2695,-71.03491666666667,21.3,332182.5892378395,4681704.122672353,19,T
1698708470.241432,276,1698708470,239984750,GPS1_Frame,42.26944333333333,-71.03502833333333,21.7,332173.229444569,4681698.050456274,19,T
1698708471.2413445,277,1698708471,240148305,GPS1_Frame,42.26938666666667,-71.03514166666668,22.1,332163.73218081053,4681691.981537605,19,T
1698708472.241154,278,1698708472,239909410,GPS1_Frame,42.269330000000004,-71.03525833333333,22.5,332153.9599919999,4681685.919202424,19,T
1698708473.240461,279,1698708473,239384889,GPS1_Frame,42.269275,-71.035375,22.9,332144.19220991514,4681680.041948527,19,T
1698708474.242553,280,1698708474,240716218,GPS1_Frame,42.26921833333334,-71.03549166666667,23.2,332134.4199870273,4681673.97963967,19,T
1698708475.2740216,281,1698708475,272436618,GPS1_Frame,42.26916166666667,-71.03560999999999,23.4,332124.5102924168,4681667.920630079,19,T
1698708476.2741296,282,1698708476,271331071,GPS1_Frame,42.269105,-71.03572833333332,23.7,332114.6005803938,4681661.861634028,19,T
1698708477.2416937,283,1698708477,240316629,GPS1_Frame,42.26904833333333,-71.03584666666667,24.0,332104.6908509581,4681655.802651518,19,T
1698708478.243317,284,1698708478,240966796,GPS1_Frame,42.26899166666667,-71.035965,24.3,332094.781104114,4681649.743682552,19,T
1698708479.243819,285,1698708479,241901397,GPS1_Frame,42.26893499999999,-71.036085,24.7,332084.733884802,4681643.6880139895,19,T
1698708480.242593,286,1698708480,241082668,GPS1_Frame,42.26888,-71.03620500000001,25.0,332074.6910734886,4681637.817427475,19,T
1698708481.2428489,287,1698708481,241326332,GPS1_Frame,42.26882666666667,-71.036325,25.3,332064.6526709473,4681632.131923002,19,T
1698708482.2416792,288,1698708482,240237712,GPS1_Frame,42.26877833333333,-71.036445,25.7,332054.6275303023,4681627.0016368115,19,T
1698708483.241438,289,1698708483,239060640,GPS1_Frame,42.268735,-71.03656166666666,25.8,332044.8905648571,4681622.419993625,19,T
1698708484.2402046,290,1698708484,238214969,GPS1_Frame,42.2687,-71.03667333333333,26.2,332035.58808635396,4681618.753840737,19,T
1698708485.2407725,291,1698708485,238823175,GPS1_Frame,42.26867166666666,-71.03678166666667,26.4,332026.57821654796,4681615.821396399,19,T
1698708486.2426097,292,1698708486,240615844,GPS1_Frame,42.268649999999994,-71.03688166666667,27.1,332018.27332567633,4681613.6127951015,19,T
1698708487.2431834,293,1698708487,241347074,GPS1_Frame,42.26863333333334,-71.03696666666666,27.6,332011.21881263354,4681611.929813133,19,T
1698708488.2445016,294,1698708488,242216587,GPS1_Frame,42.26861833333334,-71.03704166666667,27.7,332004.99345789524,4681610.412175768,19,T
1698708489.2424858,295,1698708489,241064786,GPS1_Frame,42.268604999999994,-71.037115,27.8,331998.9099836114,4681609.076323436,19,T
1698708490.2427652,296,1698708490,240761518,GPS1_Frame,42.268591666666666,-71.03718833333333,27.9,331992.82650675747,4681607.740476308,19,T
1698708491.2430086,297,1698708491,241125106,GPS1_Frame,42.26857833333334,-71.03725333333334,28.1,331987.43030656164,4681606.388190593,19,T
1698708492.2425647,298,1698708492,240670680,GPS1_Frame,42.268565,-71.037315,28.0,331982.309015845,4681605.02933126,19,T
1698708493.2777436,299,1698708493,274717807,GPS1_Frame,42.268544999999996,-71.03737666666666,28.1,331977.17001024156,4681602.930203112,19,T
1698708494.2424698,300,1698708494,240108966,GPS1_Frame,42.268514999999994,-71.03743,27.9,331972.6917114624,4681599.704224692,19,T
1698708495.2424836,301,1698708495,241500377,GPS1_Frame,42.26848,-71.03746500000001,27.7,331969.71213998774,4681595.886864475,19,T
1698708496.2398808,302,1698708496,239237308,GPS1_Frame,42.26843833333334,-71.03747666666666,27.5,331968.639237741,4681591.283185154,19,T
1698708497.2440784,303,1698708497,240887641,GPS1_Frame,42.268391666666666,-71.03746666666666,27.2,331969.33998037805,4681586.081543175,19,T
1698708498.2382734,304,1698708498,237389564,GPS1_Frame,42.26834333333333,-71.03743666666666,26.6,331971.6857723148,4681580.65536448,19,T
1698708499.239971,305,1698708499,239296197,GPS1_Frame,42.26829333333333,-71.03739,25.8,331975.40170459705,4681575.011228779,19,T
1698708500.2422872,306,1698708500,240149021,GPS1_Frame,42.26823833333333,-71.03733833333334,25.1,331979.5167285963,4681568.802024251,19,T
1698708501.2447035,307,1698708501,241635084,GPS1_Frame,42.26818333333334,-71.03728,24.4,331984.1815869821,4681562.579667221,19,T
1698708502.2427454,308,1698708502,240527868,GPS1_Frame,42.26812499999999,-71.03721666666667,24.5,331989.2499687595,4681555.977311287,19,T
1698708503.244903,309,1698708503,241620779,GPS1_Frame,42.26806333333334,-71.03715000000001,24.9,331994.58441895584,4681548.998245978,19,T
1698708504.2387793,310,1698708504,238020181,GPS1_Frame,42.268,-71.03708333333334,25.3,331999.91445256094,4681541.834116991,19,T
1698708505.241501,311,1698708505,240153074,GPS1_Frame,42.26793666666667,-71.03701833333334,25.5,332005.10704013397,4681534.6732808,19,T
1698708506.2727277,312,1698708506,270622730,GPS1_Frame,42.267873333333334,-71.03695333333333,25.8,332010.29963863955,4681527.512448829,19,T
1698708507.2395904,313,1698708507,238241910,GPS1_Frame,42.26781166666667,-71.03688833333334,25.9,332015.49667513475,4681520.536689173,19,T
1698708508.241291,314,1698708508,239700078,GPS1_Frame,42.26775166666666,-71.036825,26.2,332020.5606915371,4681513.749289874,19,T
1698708509.2429976,315,1698708509,240697860,GPS1_Frame,42.267693333333334,-71.03676333333333,26.7,332025.4916870323,4681507.150250617,19,T
1698708510.241333,316,1698708510,239108085,GPS1_Frame,42.267633333333336,-71.03670166666667,26.8,332030.4182654346,4681500.366147062,19,T
1698708511.2403004,317,1698708511,239378452,GPS1_Frame,42.267575,-71.03663833333333,26.8,332035.4867381863,4681493.763827643,19,T
1698708512.242227,318,1698708512,240992784,GPS1_Frame,42.267515,-71.03657166666667,26.8,332040.8257106937,4681486.969868856,19,T
1698708513.242098,319,1698708513,240797996,GPS1_Frame,42.267451666666666,-71.03650166666667,26.8,332046.4307580063,4681479.799203272,19,T
1698708514.242962,320,1698708514,240806818,GPS1_Frame,42.267385,-71.03643000000001,27.0,332052.1644234527,4681472.255118997,19,T
1698708515.2743216,321,1698708515,272146224,GPS1_Frame,42.267316666666666,-71.03635666666668,27.2,332058.0311342982,4681464.5226844745,19,T
1698708516.2423077,322,1698708516,240163087,GPS1_Frame,42.26724666666667,-71.03628333333333,27.3,332063.89343274676,4681456.605187239,19,T
1698708517.24202,323,1698708517,239857435,GPS1_Frame,42.267176666666664,-71.03621166666667,27.4,332069.6182859336,4681448.69098242,19,T
1698708518.240806,324,1698708518,239400386,GPS1_Frame,42.26710833333333,-71.03613999999999,27.5,332075.34757781663,4681440.961850798,19,T
1698708519.2397616,325,1698708519,238170385,GPS1_Frame,42.267039999999994,-71.03606833333333,27.5,332081.0768826947,4681433.232724301,19,T
1698708520.2416458,326,1698708520,239821195,GPS1_Frame,42.26697000000001,-71.03599666666668,27.5,332086.80177552695,4681425.318534865,19,T
1698708521.240674,327,1698708521,239391565,GPS1_Frame,42.26689666666666,-71.03592333333333,27.5,332092.65529141086,4681417.030927853,19,T
1698708522.2412975,328,1698708522,239631175,GPS1_Frame,42.266823333333335,-71.03585,27.4,332098.5088215838,4681408.743326219,19,T
1698708523.2748468,329,1698708523,273330688,GPS1_Frame,42.26674833333333,-71.03577333333332,27.3,332104.6328611287,4681400.26408922,19,T
1698708524.2418122,330,1698708524,240195512,GPS1_Frame,42.266670000000005,-71.03569666666667,26.6,332110.74806721066,4681391.414721992,19,T
1698708525.239171,331,1698708525,237681865,GPS1_Frame,42.26659166666666,-71.03561666666666,25.7,332117.13820956653,4681382.558788471,19,T
1698708526.2401915,332,1698708526,238463640,GPS1_Frame,42.26651333333333,-71.03553833333334,24.9,332123.39090823807,4681373.706147298,19,T
1698708527.2729905,333,1698708527,271503448,GPS1_Frame,42.266438333333326,-71.03546333333334,24.2,332129.37754990516,4681365.23022001,19,T
1698708528.2413723,334,1698708528,239730358,GPS1_Frame,42.26636499999999,-71.03539,23.8,332135.2311695429,4681356.9426521,19,T
1698708529.2735643,335,1698708529,272780895,GPS1_Frame,42.26629,-71.03531833333334,23.4,332140.9429191542,4681348.473307128,19,T
1698708530.2411714,336,1698708530,239321947,GPS1_Frame,42.266213333333326,-71.03524166666666,23.1,332147.0626426354,4681339.809042833,19,T
1698708531.241275,337,1698708531,240242004,GPS1_Frame,42.266135,-71.03516166666667,22.8,332153.4528808566,4681330.953145691,19,T
1698708532.242432,338,1698708532,240473270,GPS1_Frame,42.26605333333334,-71.03507666666665,22.4,332160.246673736,4681321.717263257,19,T
1698708533.2429776,339,1698708533,241157293,GPS1_Frame,42.26596833333333,-71.03498833333333,21.8,332167.30656250496,4681312.104681856,19,T
1698708534.2424417,340,1698708534,240374088,GPS1_Frame,42.26588,-71.03489666666665,21.3,332174.63254947134,4681302.115402369,19,T
1698708535.2430148,341,1698708535,241132020,GPS1_Frame,42.26579166666667,-71.034805,21.0,332181.9585579309,4681292.126131272,19,T
1698708536.2417753,342,1698708536,239930868,GPS1_Frame,42.26570333333334,-71.03471333333333,20.8,332189.28458789224,4681282.13686856,19,T
1698708537.2417872,343,1698708537,239501476,GPS1_Frame,42.265615,-71.03462333333333,20.5,332196.4731770784,4681272.1508987015,19,T
1698708538.2441633,344,1698708538,240937471,GPS1_Frame,42.265530000000005,-71.034535,20.3,332203.53316839907,4681262.538357271,19,T
1698708539.2414865,345,1698708539,240009069,GPS1_Frame,42.26544833333334,-71.03445166666667,20.2,332210.1896348441,4681253.30581219,19,T
1698708540.2418468,346,1698708540,240275144,GPS1_Frame,42.26536833333333,-71.03436833333333,19.9,332216.850540729,4681244.2583420435,19,T
1698708541.2442954,347,1698708541,242131948,GPS1_Frame,42.26528666666666,-71.03428666666667,19.8,332223.36958014837,4681235.029094753,19,T
1698708542.2412727,348,1698708542,239690065,GPS1_Frame,42.26520833333334,-71.03420666666666,19.7,332229.7600161315,4681226.173273908,19,T
1698708543.2423074,349,1698708543,240516424,GPS1_Frame,42.26513166666667,-71.03412833333333,19.7,332236.0174262571,4681217.505811105,19,T
1698708544.241725,350,1698708544,240162611,GPS1_Frame,42.265055,-71.03405166666667,19.6,332242.1373888458,4681208.841637969,19,T
1698708545.2423534,351,1698708545,240876436,GPS1_Frame,42.26497833333333,-71.03397333333334,19.5,332248.3948307054,4681200.174187297,19,T
1698708546.2411826,352,1698708546,239912509,GPS1_Frame,42.264900000000004,-71.033895,19.3,332254.6478682159,4681191.321674774,19,T
1698708547.242165,353,1698708547,240649461,GPS1_Frame,42.26482166666666,-71.033815,19.1,332261.03838601895,4681182.465885229,19,T
1698708548.2425442,354,1698708548,240715980,GPS1_Frame,42.264741666666666,-71.033735,19.0,332267.42450053233,4681173.425034102,19,T
1698708549.2431483,355,1698708549,240899562,GPS1_Frame,42.26466333333333,-71.03365333333333,18.8,332273.95251613576,4681164.565974453,19,T
1698708550.2430081,356,1698708550,240674734,GPS1_Frame,42.26458666666667,-71.03357333333334,18.7,332280.34750378586,4681155.895272191,19,T
1698708551.2416072,357,1698708551,239826679,GPS1_Frame,42.264513333333326,-71.03349666666666,18.6,332286.47641718155,4681147.601277509,19,T
1698708552.2412908,358,1698708552,240194082,GPS1_Frame,42.26444,-71.03341999999999,18.5,332292.6053454969,4681139.307288693,19,T
1698708553.275768,359,1698708553,274703025,GPS1_Frame,42.26436333333333,-71.03334,18.3,332299.0003806052,4681130.636605054,19,T
1698708554.2435646,360,1698708554,241526126,GPS1_Frame,42.264285,-71.03326,18.2,332305.39101313264,4681121.780859846,19,T
1698708555.2420955,361,1698708555,240284442,GPS1_Frame,42.26420499999999,-71.03317666666666,18.0,332312.05217427266,4681112.733488838,19,T
1698708556.242564,362,1698708556,240901947,GPS1_Frame,42.26412333333333,-71.03309333333333,17.9,332318.70893462433,4681103.501056813,19,T
1698708557.2744613,363,1698708557,273001670,GPS1_Frame,42.26404000000001,-71.03300833333333,17.6,332325.49876043794,4681094.080281935,19,T
1698708558.2422118,364,1698708558,240839958,GPS1_Frame,42.26395333333333,-71.03292166666667,17.1,332332.4172347315,4681084.286096683,19,T
1698708559.2431962,365,1698708559,241812467,GPS1_Frame,42.26386666666667,-71.03283166666667,16.8,332339.6106611006,4681074.485355826,19,T
1698708560.2435899,366,1698708560,241143465,GPS1_Frame,42.26378,-71.03274333333334,16.6,332346.66664192977,4681064.687904463,19,T
1698708561.2428665,367,1698708561,240782260,GPS1_Frame,42.26369666666666,-71.03265833333333,16.4,332353.4565452243,4681055.2671593,19,T
1698708562.2420938,368,1698708562,240889310,GPS1_Frame,42.263616666666664,-71.03257666666667,16.2,332359.98036874615,4681046.223119489,19,T
1698708563.24303,369,1698708563,240903377,GPS1_Frame,42.26354166666667,-71.0325,16.0,332366.1050607327,4681037.744133153,19,T
1698708564.2433302,370,1698708564,240959167,GPS1_Frame,42.263475,-71.03243333333333,15.8,332371.42705139576,4681030.210177697,19,T
1698708565.2436068,371,1698708565,241492748,GPS1_Frame,42.263419999999996,-71.032375,15.8,332376.09263663716,4681023.988106162,19,T
1698708566.276525,372,1698708566,274435520,GPS1_Frame,42.26337166666667,-71.03232666666666,15.9,332379.95109452447,4681018.525994053,19,T
1698708567.2429948,373,1698708567,240789651,GPS1_Frame,42.263331666666666,-71.032285,16.1,332383.2817729639,4681014.002346507,19,T
1698708568.2418108,374,1698708568,240318775,GPS1_Frame,42.26329666666667,-71.03225333333333,16.4,332385.8009017556,4681010.05358808,19,T
1698708569.244596,375,1698708569,241939783,GPS1_Frame,42.263263333333335,-71.03222833333332,16.3,332387.77458054456,4681006.303020847,19,T
1698708570.243846,376,1698708570,241043806,GPS1_Frame,42.26322666666667,-71.032205,16.4,332389.6019611691,4681002.185598954,19,T
1698708571.2430778,377,1698708571,241473436,GPS1_Frame,42.26318333333334,-71.03217833333333,16.5,332391.6866134887,4680997.321344982,19,T
1698708572.241202,378,1698708572,239695787,GPS1_Frame,42.263135,-71.03214333333334,16.5,332394.445358086,4680991.885485805,19,T
1698708573.2424066,379,1698708573,240938901,GPS1_Frame,42.263083333333334,-71.03209666666666,16.6,332398.15754901187,4680986.056529488,19,T
1698708574.2435923,380,1698708574,241460084,GPS1_Frame,42.26302999999999,-71.032045,16.8,332402.27773385483,4680980.032666617,19,T
1698708575.2424555,381,1698708575,240912437,GPS1_Frame,42.262975000000004,-71.03198666666667,17.1,332406.94338199776,4680973.810617778,19,T
1698708576.2432265,382,1698708576,241302251,GPS1_Frame,42.26291500000001,-71.03192333333332,17.4,332412.00819547684,4680967.023528379,19,T
1698708577.276073,383,1698708577,274611234,GPS1_Frame,42.26285333333333,-71.03185666666667,17.7,332417.3435398588,4680960.044815141,19,T
1698708578.2424836,384,1698708578,240702867,GPS1_Frame,42.26278666666667,-71.03178833333332,18.0,332422.8031169387,4680952.507622779,19,T
1698708579.2438643,385,1698708579,241871118,GPS1_Frame,42.26271833333333,-71.031715,18.2,332428.6706963825,4680944.775527962,19,T
1698708580.243995,386,1698708580,241671562,GPS1_Frame,42.26264666666666,-71.03163833333333,18.4,332434.80439612526,4680936.666743487,19,T
1698708581.2420928,387,1698708581,240087985,GPS1_Frame,42.262568333333334,-71.03155833333334,18.3,332441.19538810686,4680927.811134347,19,T
1698708582.2715213,388,1698708582,270605564,GPS1_Frame,42.26248833333334,-71.03147333333332,18.1,332447.9943890418,4680918.760625669,19,T
1698708583.2429597,389,1698708583,240771293,GPS1_Frame,42.26240166666666,-71.03138333333332,18.1,332455.1881572028,4680908.960015055,19,T
1698708584.2410634,390,1698708584,239408016,GPS1_Frame,42.26231333333333,-71.03128666666666,18.1,332462.9274093576,4680898.961228466,19,T
1698708585.2423105,391,1698708585,241055965,GPS1_Frame,42.26222333333333,-71.03118833333333,18.1,332470.7997395954,4680888.774104423,19,T
1698708586.2421944,392,1698708586,239603042,GPS1_Frame,42.26213333333333,-71.03109333333333,17.8,332478.39715367206,4680878.59354746,19,T
1698708587.2402225,393,1698708587,238158702,GPS1_Frame,42.262046666666656,-71.03099999999999,17.7,332485.86594793183,4680868.786413803,19,T
1698708588.2400243,394,1698708588,237955093,GPS1_Frame,42.26196166666667,-71.03091166666667,17.6,332492.9267666313,4680859.174191977,19,T
1698708589.2420795,395,1698708589,240617275,GPS1_Frame,42.261878333333335,-71.03082500000001,17.6,332499.85454824753,4680849.750324084,19,T
1698708590.2432191,396,1698708590,241138696,GPS1_Frame,42.26179666666667,-71.03074,17.9,332506.6492916542,4680840.514809698,19,T
1698708591.2427995,397,1698708591,240565776,GPS1_Frame,42.26171833333333,-71.030655,18.2,332513.4528794382,4680831.64943823,19,T
1698708592.2413886,398,1698708592,240207433,GPS1_Frame,42.26164333333333,-71.03057333333332,18.6,332519.9903686944,4680823.160765421,19,T
1698708593.2419562,399,1698708593,240601539,GPS1_Frame,42.26157333333334,-71.03049666666668,19.3,332526.1286989284,4680815.237136058,19,T
1698708594.2417018,400,1698708594,240220069,GPS1_Frame,42.26150333333333,-71.03042333333333,20.0,332531.9921010353,4680807.320067815,19,T
1698708595.2401836,401,1698708595,239075660,GPS1_Frame,42.26143333333333,-71.03035,21.1,332537.8555167643,4680799.403004937,19,T
1698708596.2430267,402,1698708596,241403341,GPS1_Frame,42.261361666666666,-71.030275,21.5,332543.85200548,4680791.297602188,19,T
1698708597.2409666,403,1698708597,239085197,GPS1_Frame,42.26128666666667,-71.0302,22.4,332549.8396845673,4680782.822069376,19,T
1698708598.2415252,404,1698708598,239464759,GPS1_Frame,42.26121,-71.03012166666667,23.3,332556.0979104499,4680774.154920055,19,T
1698708599.2420983,405,1698708599,240901470,GPS1_Frame,42.261134999999996,-71.03004166666666,24.0,332562.4980358552,4680765.669567675,19,T
1698708600.2395966,406,1698708600,238115549,GPS1_Frame,42.26105833333333,-71.02996166666667,24.6,332568.8937657656,4680756.99915385,19,T
1698708601.2406025,407,1698708601,238857030,GPS1_Frame,42.26098333333333,-71.02988166666667,24.9,332575.29392318596,4680748.513814235,19,T
1698708602.235874,408,1698708602,234262466,GPS1_Frame,42.26090666666667,-71.02980166666666,25.2,332581.6896854766,4680739.843413178,19,T
1698708603.241677,409,1698708603,240157127,GPS1_Frame,42.260831666666675,-71.02972166666667,25.3,332588.0898749161,4680731.358086328,19,T
1698708604.2429655,410,1698708604,241430759,GPS1_Frame,42.260755,-71.02964166666668,25.5,332594.48566958273,4680722.68769804,19,T
1698708605.2409155,411,1698708605,239840269,GPS1_Frame,42.260683333333326,-71.02956333333333,25.8,332600.7572391003,4680714.575795814,19,T
1698708606.2420583,412,1698708606,239811658,GPS1_Frame,42.26061166666667,-71.02948500000001,26.0,332607.0288235025,4680706.463899702,19,T
1698708607.2426243,413,1698708607,240757942,GPS1_Frame,42.260545,-71.02941333333334,26.4,332612.7637602412,4680698.920317079,19,T
1698708608.27762,414,1698708608,275295257,GPS1_Frame,42.260481666666664,-71.02934499999999,26.8,332618.2325828929,4680691.753426943,19,T
1698708609.2421217,415,1698708609,240488052,GPS1_Frame,42.260426666666675,-71.02928333333332,27.0,332623.17357230285,4680685.524983587,19,T
1698708610.240168,416,1698708610,237979888,GPS1_Frame,42.260380000000005,-71.029235,27.1,332627.0368305021,4680680.248088565,19,T
1698708611.245315,417,1698708611,243141412,GPS1_Frame,42.26034833333333,-71.0292,27.1,332629.8399921987,4680676.663011162,19,T
1698708612.2403975,418,1698708612,238376140,GPS1_Frame,42.26033,-71.02918,27.1,332631.44117025496,4680674.587957795,19,T
1698708613.2402523,419,1698708613,238428831,GPS1_Frame,42.26032,-71.02916833333333,27.1,332632.37702857837,4680673.454621764,19,T
1698708614.2427452,420,1698708614,240754842,GPS1_Frame,42.260315000000006,-71.02916499999999,27.1,332632.638747221,4680672.892867181,19,T
1698708615.2424426,421,1698708615,240152835,GPS1_Frame,42.260313333333336,-71.02916333333333,27.2,332632.77181136655,4680672.704523794,19,T
1698708616.2423973,422,1698708616,240346670,GPS1_Frame,42.26030833333333,-71.02915666666667,27.2,332633.30847761256,4680672.136218069,19,T
1698708617.2764072,423,1698708617,274543285,GPS1_Frame,42.26029666666667,-71.02913833333334,27.2,332634.7898221896,4680670.804712302,19,T
1698708618.2443361,424,1698708618,241245031,GPS1_Frame,42.260285,-71.029105,27.1,332637.50843171333,4680669.443727318,19,T
1698708619.2438743,425,1698708619,241522789,GPS1_Frame,42.260278333333325,-71.02905333333334,26.9,332641.75248265755,4680668.60191714,19,T
1698708620.2434332,426,1698708620,241398811,GPS1_Frame,42.260285,-71.02899000000001,26.7,332646.99412527593,4680669.217724708,19,T
1698708621.2432013,427,1698708621,241131067,GPS1_Frame,42.26030666666667,-71.02892,26.6,332652.8253437142,4680671.486045515,19,T
1698708622.2409422,428,1698708622,238710165,GPS1_Frame,42.260335000000005,-71.02883833333334,26.2,332659.63650988264,4680674.471716742,19,T
1698708623.2397513,429,1698708623,238492488,GPS1_Frame,42.260368333333325,-71.02874666666666,25.8,332667.28573802917,4680677.992948263,19,T
1698708624.2413087,430,1698708624,239893198,GPS1_Frame,42.260403333333336,-71.02864833333334,25.4,332675.48926096107,4680681.686156658,19,T
1698708625.24228,431,1698708625,240773200,GPS1_Frame,42.26043833333333,-71.02854166666665,25.1,332684.38014233875,4680685.363001445,19,T
1698708626.2416859,432,1698708626,239812850,GPS1_Frame,42.26047666666667,-71.02842666666668,24.7,332693.96719704533,4680689.3936207965,19,T
1698708627.2395535,433,1698708627,237927675,GPS1_Frame,42.260515000000005,-71.02830666666667,24.2,332703.96666019456,4680693.414430304,19,T
1698708628.2755387,434,1698708628,273528814,GPS1_Frame,42.26055666666666,-71.02818166666665,23.9,332714.3873460216,4680697.795567302,19,T
1698708629.2400062,435,1698708629,238495588,GPS1_Frame,42.260598333333334,-71.02805666666667,23.7,332724.8080182632,4680702.176719409,19,T
1698708630.2404742,436,1698708630,238598346,GPS1_Frame,42.260639999999995,-71.02793166666667,23.6,332735.22867692343,4680706.557886625,19,T
1698708631.241527,437,1698708631,239638805,GPS1_Frame,42.26068,-71.027805,23.3,332745.7823882564,4680710.750727756,19,T
1698708632.241934,438,1698708632,239829778,GPS1_Frame,42.260720000000006,-71.02767666666666,23.2,332756.4735592322,4680714.940311211,19,T
1698708633.2761624,439,1698708633,274708032,GPS1_Frame,42.26076333333334,-71.02754666666667,23.0,332767.31100184773,4680719.4967731945,19,T
1698708634.2432997,440,1698708634,241016387,GPS1_Frame,42.26081166666666,-71.02741666666667,22.7,332778.161647331,4680724.608454901,19,T
1698708635.2417305,441,1698708635,239573478,GPS1_Frame,42.26086166666667,-71.02728333333333,22.6,332789.29162713105,4680729.898675624,19,T
1698708636.2418516,442,1698708636,239644050,GPS1_Frame,42.260911666666665,-71.02714833333333,22.3,332800.55906200747,4680735.185641196,19,T
1698708637.2743003,443,1698708637,272234678,GPS1_Frame,42.26096333333333,-71.02701333333333,21.9,332811.830884292,4680740.657692182,19,T
1698708638.2418263,444,1698708638,239848613,GPS1_Frame,42.261015,-71.02688166666667,21.5,332822.8277439862,4680746.136304604,19,T
1698708639.2434845,445,1698708639,241621494,GPS1_Frame,42.261064999999995,-71.02675166666667,21.2,332833.68270944734,4680751.433137692,19,T
1698708640.2432911,446,1698708640,242294549,GPS1_Frame,42.26111666666667,-71.02662333333333,20.9,332844.4045901472,4680756.918326404,19,T
1698708641.24444,447,1698708641,242863655,GPS1_Frame,42.26116833333334,-71.02649500000001,20.4,332855.12645359046,4680762.40353104,19,T
1698708642.2422535,448,1698708642,241034269,GPS1_Frame,42.26122,-71.02636333333334,19.9,332866.1232433135,4680767.882209448,19,T
1698708643.3153374,449,1698708643,313091993,GPS1_Frame,42.261271666666666,-71.02623333333332,19.4,332876.9825436789,4680773.364175481,19,T
1698708644.243385,450,1698708644,241940975,GPS1_Frame,42.26132500000001,-71.02610166666666,19.1,332887.98370114045,4680779.027954995,19,T
1698708645.2445076,451,1698708645,242171287,GPS1_Frame,42.26137833333334,-71.02597,18.7,332898.98484032776,4680784.691751271,19,T
1698708646.2424111,452,1698708646,240450620,GPS1_Frame,42.261428333333335,-71.02583833333333,18.2,332909.97715630196,4680789.985428723,19,T
1698708647.24281,453,1698708647,241337299,GPS1_Frame,42.26147833333333,-71.02570666666666,17.8,332920.969455132,4680795.279122937,19,T
1698708648.2441723,454,1698708648,242099285,GPS1_Frame,42.26152999999999,-71.02557666666667,17.4,332931.828667647,4680800.761171508,19,T
1698708649.2449322,455,1698708649,242670536,GPS1_Frame,42.26157833333333,-71.025445,17.1,332942.81653038977,4680805.869831242,19,T
1698708650.2439044,456,1698708650,242408037,GPS1_Frame,42.26162666666667,-71.025315,17.0,332953.66690568515,4680810.98177712,19,T
1698708651.2437394,457,1698708651,242544412,GPS1_Frame,42.261675,-71.02518833333333,16.9,332964.242323086,4680816.100277691,19,T
1698708652.242692,458,1698708652,242071151,GPS1_Frame,42.261723333333336,-71.02506166666667,16.7,332974.81772454636,4680821.218793779,19,T
1698708653.244225,459,1698708653,242903470,GPS1_Frame,42.26176999999999,-71.02493666666666,16.5,332985.25123897364,4680826.155526357,19,T
1698708654.2424033,460,1698708654,240997552,GPS1_Frame,42.26181833333333,-71.024815,16.3,332995.41419758025,4680831.283878989,19,T
1698708655.2440088,461,1698708655,242250919,GPS1_Frame,42.26186500000001,-71.02469333333333,16.1,333005.5727408653,4680836.227178139,19,T
1698708656.2423182,462,1698708656,241245508,GPS1_Frame,42.26191333333333,-71.02457333333334,16.0,333015.59819888504,4680841.3588275835,19,T
1698708657.2432554,463,1698708657,241972923,GPS1_Frame,42.26196333333334,-71.024455,16.0,333025.4905711893,4680846.678826742,19,T
1698708658.277639,464,1698708658,275544404,GPS1_Frame,42.26201666666666,-71.02434166666667,16.0,333034.97931657964,4680852.378778459,19,T
1698708659.242842,465,1698708659,241908788,GPS1_Frame,42.262075,-71.02423333333333,16.0,333044.06883369375,4680858.6437488925,19,T
1698708660.2433486,466,1698708660,242099523,GPS1_Frame,42.262136666666656,-71.02413,16.3,333052.75472278334,4680865.288668674,19,T
1698708661.2472038,467,1698708661,244551420,GPS1_Frame,42.2622,-71.02402833333333,16.1,333061.3075243695,4680872.1219339,19,T
1698708662.2434103,468,1698708662,241258144,GPS1_Frame,42.26226333333334,-71.02392666666667,16.0,333069.860309302,4680878.955209126,19,T
1698708663.2436445,469,1698708663,242201566,GPS1_Frame,42.26232666666667,-71.02382333333334,15.7,333078.55054691783,4680885.785227373,19,T
1698708664.244761,470,1698708664,242586135,GPS1_Frame,42.26239166666666,-71.02371833333333,15.5,333087.3826347407,4680892.797056937,19,T
1698708665.245118,471,1698708665,242721557,GPS1_Frame,42.26245833333334,-71.02361333333333,15.4,333096.2191026329,4680899.993964968,19,T
1698708666.2443302,472,1698708666,242888689,GPS1_Frame,42.262525000000004,-71.02350833333334,15.4,333105.0555524253,4680907.190883671,19,T
1698708667.2780197,473,1698708667,275721073,GPS1_Frame,42.26259166666667,-71.02340166666666,15.2,333114.02945287304,4680914.384546743,19,T
1698708668.2779093,474,1698708668,276032447,GPS1_Frame,42.262656666666665,-71.02329333333334,15.0,333123.13640649617,4680921.389886894,19,T
1698708669.243984,475,1698708669,241997718,GPS1_Frame,42.262725,-71.02318166666667,14.9,333132.5270724504,4680928.758842099,19,T
1698708670.2443824,476,1698708670,242969036,GPS1_Frame,42.262793333333335,-71.02307,14.8,333141.91771866113,4680936.127809375,19,T
1698708671.2440822,477,1698708671,242148160,GPS1_Frame,42.262865,-71.02295833333332,14.7,333151.3171377923,4680943.866924318,19,T
1698708672.2435713,478,1698708672,241348028,GPS1_Frame,42.26293833333334,-71.02284833333333,14.6,333160.58346433437,4680951.794384549,19,T
1698708673.2457187,479,1698708673,243053913,GPS1_Frame,42.263014999999996,-71.02274333333334,14.7,333169.4461582727,4680960.101787821,19,T
1698708674.2440083,480,1698708674,241868734,GPS1_Frame,42.26309500000001,-71.02264166666667,14.9,333178.04268744466,4680968.785867544,19,T
1698708675.2454286,481,1698708675,243665695,GPS1_Frame,42.263173333333334,-71.02254166666667,15.1,333186.4973327295,4680977.288154398,19,T
1698708676.247237,482,1698708676,245044231,GPS1_Frame,42.263253333333324,-71.02244333333333,15.4,333194.81888576504,4680985.978783517,19,T
1698708677.2460573,483,1698708677,243577003,GPS1_Frame,42.263331666666666,-71.02234666666666,15.6,333202.9985563675,4680994.487618813,19,T
1698708678.2448757,484,1698708678,242509841,GPS1_Frame,42.26340833333334,-71.02225,15.8,333211.1738126344,4681002.811395362,19,T
1698708679.2434206,485,1698708679,242336034,GPS1_Frame,42.26348500000001,-71.02215500000001,15.9,333219.2115830082,4681011.138445269,19,T
1698708680.242121,486,1698708680,240572214,GPS1_Frame,42.26356166666666,-71.02206,16.1,333227.2493346273,4681019.465503928,19,T
1698708681.2425933,487,1698708681,240703821,GPS1_Frame,42.26363833333333,-71.02196666666667,16.4,333235.1496010213,4681027.795835337,19,T
1698708682.2451742,488,1698708682,242746114,GPS1_Frame,42.263713333333335,-71.02187333333333,16.8,333243.0454549486,4681035.94110738,19,T
1698708683.280562,489,1698708683,278638124,GPS1_Frame,42.26378666666666,-71.02178333333333,17.2,333250.6619647168,4681043.907847455,19,T
1698708684.2442703,490,1698708684,242571830,GPS1_Frame,42.26385666666667,-71.021695,17.6,333258.1322041765,4681051.507723311,19,T
1698708685.246402,491,1698708685,244465827,GPS1_Frame,42.26392666666667,-71.02160666666667,18.1,333265.60242770275,4681059.107606735,19,T
1698708686.2442126,492,1698708686,242122173,GPS1_Frame,42.26399500000001,-71.02152,18.6,333272.9307763181,4681066.525693183,19,T
1698708687.2517672,493,1698708687,249405622,GPS1_Frame,42.264063333333326,-71.02143166666666,19.2,333280.3965752149,4681073.940523774,19,T
1698708688.2455056,494,1698708688,243075609,GPS1_Frame,42.264133333333334,-71.02134500000001,19.9,333287.72928609187,4681081.543692749,19,T
1698708689.2436132,495,1698708689,241667509,GPS1_Frame,42.264203333333334,-71.02125666666667,20.5,333295.19944658113,4681089.14360615,19,T
1698708690.2419803,496,1698708690,239814043,GPS1_Frame,42.26427333333333,-71.02117,21.6,333302.5321260604,4681096.7467898335,19,T
1698708691.2439878,497,1698708691,241806268,GPS1_Frame,42.264343333333336,-71.02108333333334,22.3,333309.86478991824,4681104.349980801,19,T
1698708692.2423983,498,1698708692,240808248,GPS1_Frame,42.26441333333334,-71.02099666666666,23.2,333317.1974381504,4681111.953179054,19,T
1698708693.2438025,499,1698708693,241715192,GPS1_Frame,42.26448666666667,-71.02091,23.9,333324.53885478515,4681119.926520243,19,T
1698708694.280006,500,1698708694,277095079,GPS1_Frame,42.264559999999996,-71.02082166666668,24.3,333332.0177195185,4681127.896606563,19,T
1698708695.2446105,501,1698708695,242505788,GPS1_Frame,42.264630000000004,-71.02073166666668,24.6,333339.62524859677,4681135.493302787,19,T
1698708696.2453241,502,1698708696,243676185,GPS1_Frame,42.264698333333335,-71.02064333333333,24.6,333347.09090584435,4681142.908200902,19,T
1698708697.245446,503,1698708697,242589235,GPS1_Frame,42.264766666666674,-71.020555,24.4,333354.5565475307,4681150.323106582,19,T
1698708698.2428837,504,1698708698,241239786,GPS1_Frame,42.264829999999996,-71.02047333333333,24.6,333361.4591449785,4681157.195862697,19,T
1698708699.2414222,505,1698708699,240879297,GPS1_Frame,42.26489,-71.02039333333333,24.9,333368.2154835195,4681163.701751082,19,T
1698708700.2417343,506,1698708700,239733934,GPS1_Frame,42.264946666666674,-71.02032166666666,25.1,333374.2757101422,4681169.853816734,19,T
1698708701.240775,507,1698708701,238906383,GPS1_Frame,42.264995,-71.02026166666666,25.4,333379.35172867926,4681175.103376928,19,T
1698708702.241831,508,1698708702,239592075,GPS1_Frame,42.265036666666674,-71.02021166666667,25.7,333383.58539720625,4681179.632236284,19,T
1698708703.242694,509,1698708703,241060256,GPS1_Frame,42.26507,-71.02016833333333,25.6,333387.2472548443,4681183.248803296,19,T
1698708704.2414026,510,1698708704,240157365,GPS1_Frame,42.26509666666667,-71.020135,25.7,333390.06676764926,4681186.14466706,19,T
1698708705.243814,511,1698708705,242030143,GPS1_Frame,42.26511666666667,-71.02010833333334,25.9,333392.3188639856,4681188.313304578,19,T
1698708706.244838,512,1698708706,242520093,GPS1_Frame,42.26513166666667,-71.02009,25.9,333393.87047213386,4681189.943044147,19,T
1698708707.2443864,513,1698708707,242771625,GPS1_Frame,42.26514166666666,-71.02007666666667,26.0,333394.99651929236,4681191.027363402,19,T
1698708708.2420864,514,1698708708,241166830,GPS1_Frame,42.26514999999999,-71.02006666666666,26.1,333395.84324955253,4681191.933136874,19,T
1698708709.2794178,515,1698708709,277323484,GPS1_Frame,42.26515333333334,-71.02006333333334,26.2,333396.126956335,4681192.296750666,19,T
1698708710.2443218,516,1698708710,243121147,GPS1_Frame,42.26515500000001,-71.02006333333334,26.2,333396.1313465631,4681192.481818502,19,T
1698708711.245788,517,1698708711,243210792,GPS1_Frame,42.26515500000001,-71.02006333333334,26.2,333396.1313465631,4681192.481818502,19,T
1698708712.2438812,518,1698708712,241933345,GPS1_Frame,42.26515500000001,-71.02006333333334,26.2,333396.1313465631,4681192.481818502,19,T
1698708713.2448676,519,1698708713,242756366,GPS1_Frame,42.26515500000001,-71.02006333333334,26.2,333396.1313465631,4681192.481818502,19,T
1698708714.2457945,520,1698708714,243214130,GPS1_Frame,42.26515500000001,-71.02006333333334,26.2,333396.1313465631,4681192.481818502,19,T
1698708715.246545,521,1698708715,244807243,GPS1_Frame,42.26515500000001,-71.02006333333334,26.2,333396.1313465631,4681192.481818502,19,T
1698708716.2440825,522,1698708716,243367433,GPS1_Frame,42.26515500000001,-71.02006333333334,26.2,333396.1313465631,4681192.481818502,19,T
1698708717.243148,523,1698708717,242071866,GPS1_Frame,42.26515500000001,-71.02006333333334,26.2,333396.1313465631,4681192.481818502,19,T
1698708718.245074,524,1698708718,243453264,GPS1_Frame,42.26515500000001,-71.02006333333334,26.2,333396.1313465631,4681192.481818502,19,T
1698708719.2793787,525,1698708719,278027296,GPS1_Frame,42.26515500000001,-71.02006333333334,26.2,333396.1313465631,4681192.481818502,19,T
1698708720.2452166,526,1698708720,243219614,GPS1_Frame,42.26515500000001,-71.02006333333334,26.2,333396.1313465631,4681192.481818502,19,T
1698708721.2476163,527,1698708721,246052503,GPS1_Frame,42.26515500000001,-71.02006333333334,26.2,333396.1313465631,4681192.481818502,19,T
1698708722.2522147,528,1698708722,251110315,GPS1_Frame,42.26515500000001,-71.02006333333334,26.2,333396.1313465631,4681192.481818502,19,T
1698708723.2442756,529,1698708723,243211030,GPS1_Frame,42.26515500000001,-71.02006333333334,26.2,333396.1313465631,4681192.481818502,19,T
1698708724.245427,530,1698708724,243531465,GPS1_Frame,42.26515500000001,-71.02006333333334,26.2,333396.1313465631,4681192.481818502,19,T
1698708725.2460356,531,1698708725,243679761,GPS1_Frame,42.26515500000001,-71.02006333333334,26.2,333396.1313465631,4681192.481818502,19,T
1698708726.2442718,532,1698708726,242389917,GPS1_Frame,42.26515500000001,-71.02006333333334,26.2,333396.1313465631,4681192.481818502,19,T
1698708727.245599,533,1698708727,243243217,GPS1_Frame,42.26515833333333,-71.020065,25.4,333396.00266387546,4681192.855215109,19,T
1698708728.2447724,534,1698708728,243017911,GPS1_Frame,42.26516,-71.02006333333334,25.1,333396.14451724815,4681193.037022006,19,T
1698708729.2465146,535,1698708729,244093894,GPS1_Frame,42.265164999999996,-71.02006166666666,24.6,333396.29515106627,4681193.588964576,19,T
1698708730.2434118,536,1698708730,241535663,GPS1_Frame,42.265168333333335,-71.02005833333332,24.2,333396.57885776414,4681193.952578383,19,T
1698708731.242856,537,1698708731,241580963,GPS1_Frame,42.26517666666667,-71.02004666666667,23.9,333397.56305059145,4681194.855091122,19,T
1698708732.2445006,538,1698708732,242654561,GPS1_Frame,42.26519166666667,-71.02002833333333,23.7,333399.11465613707,4681196.48483179,19,T
1698708733.246068,539,1698708733,244323492,GPS1_Frame,42.265213333333335,-71.01999833333333,23.2,333401.64606261416,4681198.832018233,19,T
1698708734.24313,540,1698708734,241863727,GPS1_Frame,42.265238333333336,-71.01995833333334,22.7,333405.0110252929,4681201.529776561,19,T
1698708735.2438362,541,1698708735,242604732,GPS1_Frame,42.26526666666667,-71.01990666666667,22.0,333409.3470055865,4681204.574847247,19,T
1698708736.245484,542,1698708736,244150876,GPS1_Frame,42.26529666666667,-71.019845,21.6,333414.5121489264,4681207.7854247885,19,T
1698708737.280602,543,1698708737,278510570,GPS1_Frame,42.26532666666667,-71.01977666666667,21.2,333420.2271385689,4681210.982964082,19,T
1698708738.2448742,544,1698708738,243131399,GPS1_Frame,42.265355,-71.01971333333333,20.9,333425.52534526953,4681214.005221163,19,T
1698708739.2457771,545,1698708739,243996620,GPS1_Frame,42.265385,-71.01965833333334,20.5,333430.1406234107,4681217.228851354,19,T
1698708740.244406,546,1698708740,242809534,GPS1_Frame,42.26542166666666,-71.019615,20.1,333433.8112162976,4681221.215577265,19,T
1698708741.2457514,547,1698708741,243384361,GPS1_Frame,42.26547000000001,-71.019585,19.8,333436.41282968427,4681226.523861128,19,T
1698708742.2437768,548,1698708742,241809844,GPS1_Frame,42.26552333333334,-71.01957666666667,19.5,333437.2405963513,4681232.429731188,19,T
1698708743.2453704,549,1698708743,243162631,GPS1_Frame,42.26558,-71.01959000000001,19.1,333436.2901314691,4681238.748119117,19,T
1698708744.2435727,550,1698708744,242218971,GPS1_Frame,42.265633333333334,-71.01962833333333,18.6,333433.2689585653,4681244.745274888,19,T
1698708745.2800887,551,1698708745,278556823,GPS1_Frame,42.26568666666667,-71.01968166666667,18.1,333429.0106332032,4681250.77177499,19,T
1698708746.2456863,552,1698708746,244065999,GPS1_Frame,42.26574333333333,-71.01974166666668,17.5,333424.2112470432,4681257.181455302,19,T
1698708747.2469468,553,1698708747,245552301,GPS1_Frame,42.265805,-71.01980833333333,16.8,333418.87519210775,4681264.159384867,19,T
1698708748.2453055,554,1698708748,243284702,GPS1_Frame,42.265865,-71.01987833333332,16.1,333413.25983498263,4681270.958772293,19,T
1698708749.2453067,555,1698708749,242965221,GPS1_Frame,42.265925,-71.01994833333333,15.5,333407.644488979,4681277.758164587,19,T
1698708750.243761,556,1698708750,242356777,GPS1_Frame,42.26598833333334,-71.02002166666666,14.7,333401.76301182446,4681284.934219219,19,T
1698708751.245051,557,1698708751,243201494,GPS1_Frame,42.26605500000001,-71.0201,14.0,333395.47794413555,4681292.490197921,19,T
1698708752.24375,558,1698708752,242279529,GPS1_Frame,42.266126666666665,-71.02018,13.2,333389.0686009192,4681300.604647444,19,T
1698708753.2437449,559,1698708753,242457628,GPS1_Frame,42.26620333333334,-71.02026666666667,12.6,333382.1226016409,4681309.2873520255,19,T
1698708754.245533,560,1698708754,243122100,GPS1_Frame,42.266281666666664,-71.02035500000001,12.0,333375.04355021846,4681318.158393366,19,T
1698708755.2446,561,1698708755,242788553,GPS1_Frame,42.26636166666667,-71.02044166666666,11.5,333368.10636882705,4681327.211248777,19,T
1698708756.244698,562,1698708756,242867708,GPS1_Frame,42.266441666666665,-71.02052833333333,11.2,333361.1692058207,4681336.264111672,19,T
1698708757.2467568,563,1698708757,244359493,GPS1_Frame,42.266525,-71.02061499999999,11.1,333354.2408442969,4681345.68711781,19,T
1698708758.2443776,564,1698708758,242733716,GPS1_Frame,42.26660666666667,-71.02070166666667,11.0,333347.30811019975,4681354.925063558,19,T
1698708759.2779691,565,1698708759,276826143,GPS1_Frame,42.266688333333335,-71.02078833333333,11.0,333340.37539488485,4681364.163016797,19,T
1698708760.2442374,566,1698708760,242565155,GPS1_Frame,42.266765,-71.02087166666666,10.9,333333.70444126846,4681372.839249327,19,T
1698708761.2430267,567,1698708761,242058277,GPS1_Frame,42.26684166666667,-71.02095166666666,11.0,333327.30842358165,4681381.508963987,19,T
1698708762.24332,568,1698708762,241421937,GPS1_Frame,42.266916666666674,-71.02103333333334,11.0,333320.77057035686,4681389.99687966,19,T
1698708763.2443287,569,1698708763,243445873,GPS1_Frame,42.266993333333325,-71.021115,11.0,333314.23712605226,4681398.66986987,19,T
1698708764.2440338,570,1698708764,242795705,GPS1_Frame,42.26707,-71.02119833333333,11.1,333307.56623936084,4681407.346129525,19,T
1698708765.2442968,571,1698708765,243175745,GPS1_Frame,42.26714833333334,-71.02128166666667,11.1,333300.8997626618,4681416.207464002,19,T
1698708766.2449667,572,1698708766,243595361,GPS1_Frame,42.267226666666666,-71.02136666666667,11.1,333294.0958446276,4681425.072068465,19,T
1698708767.2438383,573,1698708767,242383956,GPS1_Frame,42.26730666666667,-71.021455,11.2,333287.0214207204,4681434.128274453,19,T
1698708768.2458837,574,1698708768,243102312,GPS1_Frame,42.26738666666667,-71.02154333333333,11.3,333279.9470155494,4681443.184488206,19,T
1698708769.2457592,575,1698708769,243484735,GPS1_Frame,42.26746833333333,-71.02163166666666,11.4,333272.8770229493,4681452.425777644,19,T
1698708770.2793746,576,1698708770,277413606,GPS1_Frame,42.26755166666667,-71.02172166666666,11.4,333265.67398556834,4681461.855406421,19,T
1698708771.2442174,577,1698708771,242732763,GPS1_Frame,42.267636666666675,-71.02181166666666,11.5,333258.4753623238,4681471.470111192,19,T
1698708772.2447655,578,1698708772,242479562,GPS1_Frame,42.26772166666667,-71.02190166666666,11.7,333251.2767593793,4681481.0848240405,19,T
1698708773.2452173,579,1698708773,243004083,GPS1_Frame,42.267806666666665,-71.02199166666666,11.8,333244.07817673276,4681490.699544966,19,T
1698708774.2462764,580,1698708774,244465112,GPS1_Frame,42.26789166666667,-71.02208,12.0,333237.017071605,4681500.31100974,19,T
1698708775.2453384,581,1698708775,243499279,GPS1_Frame,42.26797499999999,-71.02217,12.3,333229.8141343257,4681509.740678734,19,T
1698708776.2455838,582,1698708776,243725776,GPS1_Frame,42.26806,-71.02226,12.4,333222.6156121945,4681519.355423743,19,T
1698708777.2460756,583,1698708777,244692087,GPS1_Frame,42.268146666666674,-71.02235166666667,12.5,333215.2840491566,4681529.158509438,19,T
1698708778.2454176,584,1698708778,243166923,GPS1_Frame,42.268233333333335,-71.02244333333333,12.4,333207.95250720484,4681538.961603513,19,T
1698708779.2461343,585,1698708779,244256258,GPS1_Frame,42.268321666666665,-71.02253833333333,12.3,333200.350469638,4681548.956303857,19,T
1698708780.245831,586,1698708780,244196176,GPS1_Frame,42.268409999999996,-71.02263500000001,12.2,333192.61099824135,4681558.954278322,19,T
1698708781.2474532,587,1698708781,245568275,GPS1_Frame,42.268499999999996,-71.02273,12.0,333185.01340170496,4681569.134064766,19,T
1698708782.2423766,588,1698708782,241147756,GPS1_Frame,42.26858666666667,-71.022825,11.8,333177.4070348027,4681578.943724287,19,T
1698708783.2442906,589,1698708783,242696762,GPS1_Frame,42.268675,-71.02292000000001,11.5,333169.80508647393,4681588.938460758,19,T
1698708784.246729,590,1698708784,243580341,GPS1_Frame,42.26876333333333,-71.02301333333334,11.0,333162.3406157368,4681598.929940479,19,T
1698708785.2434788,591,1698708785,241883993,GPS1_Frame,42.26885333333333,-71.02311,10.6,333154.60565377644,4681609.113028657,19,T
1698708786.2443664,592,1698708786,242038488,GPS1_Frame,42.26894666666667,-71.02321,10.2,333146.6045998171,4681619.672794225,19,T
1698708787.2771971,593,1698708787,275855779,GPS1_Frame,42.269041666666666,-71.02331000000001,9.9,333138.6079682391,4681630.417637741,19,T
1698708788.2421372,594,1698708788,240068435,GPS1_Frame,42.269135000000006,-71.02341166666666,9.7,333130.4695095088,4681640.9806896355,19,T
1698708789.243165,595,1698708789,240825653,GPS1_Frame,42.26923,-71.02351333333333,9.6,333122.33547402296,4681651.728819813,19,T
1698708790.2421951,596,1698708790,240276813,GPS1_Frame,42.269323333333325,-71.02361333333333,9.6,333114.3345199651,4681662.288625578,19,T
1698708791.2420762,597,1698708791,239831924,GPS1_Frame,42.269416666666665,-71.023715,9.7,333106.1961367615,4681672.851708196,19,T
1698708792.2417295,598,1698708792,239622116,GPS1_Frame,42.269508333333334,-71.023815,9.7,333098.1908336682,4681683.22646606,19,T
1698708793.2436454,599,1698708793,241369485,GPS1_Frame,42.26960166666666,-71.023915,9.6,333090.1899538761,4681693.786301886,19,T
1698708794.2431192,600,1698708794,241012334,GPS1_Frame,42.269695,-71.02401499999999,9.6,333082.18909884646,4681704.346147678,19,T
1698708795.2440085,601,1698708795,241563796,GPS1_Frame,42.26978666666667,-71.02411333333333,9.7,333074.3213222491,4681714.717667892,19,T
1698708796.2771797,602,1698708796,275323867,GPS1_Frame,42.26987999999999,-71.02421333333334,9.7,333066.32051631674,4681725.27753345,19,T
1698708797.2439418,603,1698708797,241806745,GPS1_Frame,42.26997333333334,-71.02431,9.7,333058.5946405549,4681735.83087327,19,T
1698708798.2460723,604,1698708798,244369268,GPS1_Frame,42.27006500000001,-71.02440833333334,9.7,333050.7269361487,4681746.202422402,19,T
1698708799.2432575,605,1698708799,241072416,GPS1_Frame,42.270158333333335,-71.02450833333334,9.8,333042.7262036681,4681756.76231737,19,T
1698708800.242891,606,1698708800,240993499,GPS1_Frame,42.27025333333333,-71.02460833333333,9.9,333034.72989650397,4681767.507290334,19,T
1698708801.242278,607,1698708801,240246295,GPS1_Frame,42.27034833333334,-71.02471,9.9,333026.5961626627,4681778.255541776,19,T
1698708802.240191,608,1698708802,238471746,GPS1_Frame,42.27044333333333,-71.02481166666666,9.9,333018.4624544451,4681789.003803518,19,T
1698708803.2410073,609,1698708803,239579677,GPS1_Frame,42.27053833333333,-71.02491166666667,9.9,333010.46622333303,4681799.748806732,19,T
1698708804.2420342,610,1698708804,240557670,GPS1_Frame,42.27063499999999,-71.02501333333333,9.9,333002.3369676246,4681810.682156959,19,T
1698708805.2436085,611,1698708805,241281986,GPS1_Frame,42.27073,-71.025115,9.9,332994.2033363085,4681821.430449449,19,T
1698708806.2412195,612,1698708806,239812135,GPS1_Frame,42.27082666666667,-71.02521666666667,9.9,332986.0741325425,4681832.363820293,19,T
1698708807.2454944,613,1698708807,243419170,GPS1_Frame,42.270923333333336,-71.02531833333335,10.0,332977.94495485706,4681843.297201446,19,T
1698708808.2467873,614,1698708808,244487285,GPS1_Frame,42.27102,-71.02542166666667,10.0,332969.67835282505,4681854.233862567,19,T
1698708809.2454042,615,1698708809,243320941,GPS1_Frame,42.271118333333334,-71.025525,10.0,332961.4161799104,4681865.355602399,19,T
1698708810.2834806,616,1698708810,281727552,GPS1_Frame,42.27121666666667,-71.02562833333333,10.0,332953.15403397026,4681876.47735288,19,T
1698708811.244878,617,1698708811,244173526,GPS1_Frame,42.271315,-71.02573333333333,9.9,332944.7544651977,4681887.602384178,19,T
1698708812.2423236,618,1698708812,240121603,GPS1_Frame,42.27141333333334,-71.02583666666666,9.9,332936.49237341154,4681898.724156132,19,T
1698708813.2413762,619,1698708813,239573001,GPS1_Frame,42.271510000000006,-71.02593833333334,9.7,332928.3633544119,4681909.657600153,19,T
1698708814.2425518,620,1698708814,240471363,GPS1_Frame,42.271605,-71.02604333333333,9.6,332919.95505938184,4681920.412527735,19,T
1698708815.245401,621,1698708815,243204593,GPS1_Frame,42.27169833333334,-71.02615,9.5,332911.4049378127,4681930.985669049,19,T
1698708816.2442887,622,1698708816,242735147,GPS1_Frame,42.27178666666667,-71.02626000000001,9.4,332902.5667322762,4681941.01015944,19,T
1698708817.2425528,623,1698708817,241416454,GPS1_Frame,42.27187000000001,-71.02637166666666,9.5,332893.5778902904,4681950.482728741,19,T
1698708818.243175,624,1698708818,241266489,GPS1_Frame,42.27194833333333,-71.02648666666667,9.5,332884.3009617193,4681959.406648851,19,T
1698708819.242337,625,1698708819,240964889,GPS1_Frame,42.272025,-71.026605,9.5,332874.7447553609,4681968.1520570675,19,T
1698708820.2768917,626,1698708820,275219678,GPS1_Frame,42.27209833333333,-71.026725,9.6,332865.0423142032,4681976.530614645,19,T
1698708821.2445064,627,1698708821,242262601,GPS1_Frame,42.272166666666664,-71.02684333333333,9.6,332855.4641274408,4681984.350710094,19,T
1698708822.24265,628,1698708822,241167545,GPS1_Frame,42.27222833333334,-71.026955,9.7,332846.41812988743,4681991.417458231,19,T
1698708823.2424572,629,1698708823,241064548,GPS1_Frame,42.272285,-71.02706333333334,9.8,332837.633827628,4681997.92246961,19,T
1698708824.2427094,630,1698708824,241822481,GPS1_Frame,42.27233666666666,-71.02716666666667,9.9,332829.2486653529,4682003.862470657,19,T
1698708825.24635,631,1698708825,244145631,GPS1_Frame,42.272385,-71.02726666666668,10.0,332821.12959901674,4682009.425800614,19,T
1698708826.2440217,632,1698708826,242628097,GPS1_Frame,42.272436666666664,-71.02736333333334,10.0,332813.2942535868,4682015.352730982,19,T
1698708827.2450218,633,1698708827,243035554,GPS1_Frame,42.27248833333333,-71.02745,10.1,332806.2836048367,4682021.260032751,19,T
1698708828.2451832,634,1698708828,243147850,GPS1_Frame,42.27254,-71.027525,10.2,332800.2350979102,4682027.144430311,19,T
1698708829.244426,635,1698708829,242832899,GPS1_Frame,42.27258666666667,-71.02759333333333,10.3,332794.7231676177,4682032.460536268,19,T
1698708830.2445908,636,1698708830,242135286,GPS1_Frame,42.27262166666666,-71.02766,10.4,332789.3178409463,4682036.477896617,19,T
1698708831.2432303,637,1698708831,241728782,GPS1_Frame,42.27264333333333,-71.02773333333333,10.4,332783.32747240586,4682039.027809899,19,T
1698708832.2467215,638,1698708832,243129491,GPS1_Frame,42.272650000000006,-71.02781499999999,10.4,332776.61020404287,4682039.928482921,19,T
1698708833.2441175,639,1698708833,242634773,GPS1_Frame,42.27264166666667,-71.02789666666666,10.4,332769.8532659024,4682039.163549208,19,T
1698708834.2432501,640,1698708834,242533922,GPS1_Frame,42.272616666666664,-71.02797333333334,10.6,332763.4645860653,4682036.538119194,19,T
1698708835.2429228,641,1698708835,242266178,GPS1_Frame,42.272581666666674,-71.02804333333333,10.7,332757.5992400561,4682032.7891903855,19,T
1698708836.242901,642,1698708836,241455554,GPS1_Frame,42.27254166666667,-71.02811166666667,10.7,332751.8581097223,4682028.48178789,19,T
1698708837.24292,643,1698708837,241014242,GPS1_Frame,42.27249833333334,-71.02817666666667,10.9,332746.38304977375,4682023.797705386,19,T
1698708838.277257,644,1698708838,275785207,GPS1_Frame,42.27245333333334,-71.02823333333335,11.1,332741.5908106088,4682018.912187709,19,T
1698708839.2426822,645,1698708839,242064714,GPS1_Frame,42.272405,-71.02827,11.3,332738.43911675364,4682013.617245354,19,T
1698708840.2434404,646,1698708840,242124795,GPS1_Frame,42.272358333333344,-71.02828500000001,11.4,332737.0786452872,4682008.464806301,19,T
1698708841.2461474,647,1698708841,245538473,GPS1_Frame,42.272313333333344,-71.02828333333333,11.5,332737.09705732355,4682003.464692504,19,T
1698708842.2436793,648,1698708842,242285966,GPS1_Frame,42.27227166666667,-71.02826833333333,11.6,332738.2238689847,4681998.808520723,19,T
1698708843.2434375,649,1698708843,242085456,GPS1_Frame,42.272235,-71.02825166666666,11.7,332739.5013561246,4681994.704279331,19,T
1698708844.2437525,650,1698708844,241690874,GPS1_Frame,42.27220166666666,-71.02824833333334,11.7,332739.6880790265,4681990.996368326,19,T
